dataset,method,noise,seed,round,auroc_introspection,auroc_entropy
fmnist,iris,0.0,0,0,0.7961,0.8384
fmnist,iris,0.0,0,1,0.7596,0.8345
fmnist,iris,0.0,0,2,0.744,0.8379
fmnist,iris,0.0,0,3,0.7577,0.8536
fmnist,iris,0.0,0,4,0.7641,0.8561
fmnist,iris,0.0,0,5,0.7751,0.8727
fmnist,iris,0.0,1,0,0.7426,0.8088
fmnist,iris,0.0,1,1,0.781,0.8475
fmnist,iris,0.0,1,2,0.7892,0.8458
fmnist,iris,0.0,1,3,0.7677,0.8437
fmnist,iris,0.0,1,4,0.7778,0.864
fmnist,iris,0.0,1,5,0.7683,0.8574
fmnist,iris,0.0,2,0,0.7691,0.8316
fmnist,iris,0.0,2,1,0.7596,0.8446
fmnist,iris,0.0,2,2,0.7469,0.8331
fmnist,iris,0.0,2,3,0.7517,0.8493
fmnist,iris,0.0,2,4,0.765,0.8633
fmnist,iris,0.0,2,5,0.7722,0.8681
fmnist,iris-nodiv,0.0,0,0,0.7961,0.8384
fmnist,iris-nodiv,0.0,0,1,0.7708,0.8355
fmnist,iris-nodiv,0.0,0,2,0.7682,0.8452
fmnist,iris-nodiv,0.0,0,3,0.7531,0.8498
fmnist,iris-nodiv,0.0,0,4,0.7615,0.8498
fmnist,iris-nodiv,0.0,1,0,0.7426,0.8088
fmnist,iris-nodiv,0.0,0,0,0.7961,0.8384
fmnist,iris-nodiv,0.0,0,1,0.7708,0.8355
fmnist,iris-nodiv,0.0,0,2,0.7682,0.8452
fmnist,iris-nodiv,0.0,0,3,0.7531,0.8498
fmnist,iris-nodiv,0.0,0,4,0.7621,0.8485
fmnist,iris-nodiv,0.0,0,5,0.7786,0.8689
fmnist,iris-nodiv,0.0,1,0,0.7426,0.8088
fmnist,iris-nodiv,0.0,1,1,0.778,0.8333
fmnist,iris-nodiv,0.0,1,2,0.7645,0.8333
fmnist,iris-nodiv,0.0,1,3,0.7685,0.8431
fmnist,iris-nodiv,0.0,1,4,0.7625,0.8427
fmnist,iris-nodiv,0.0,1,5,0.7807,0.8512
fmnist,iris-nodiv,0.0,2,0,0.7641,0.8316
fmnist,iris-nodiv,0.0,2,1,0.7916,0.8494
fmnist,iris-nodiv,0.0,2,2,0.7527,0.847
fmnist,iris-nodiv,0.0,2,3,0.7451,0.8406
fmnist,iris-nodiv,0.0,2,4,0.7451,0.8442
fmnist,iris-nodiv,0.0,2,5,0.7644,0.8612
fmnist,iris,0.2,0,0,0.8009,0.8387
fmnist,iris,0.2,0,1,0.7475,0.8088
fmnist,iris,0.2,0,2,0.7287,0.8252
fmnist,iris,0.2,0,3,0.7167,0.8175
fmnist,iris,0.2,0,4,0.7474,0.8386
fmnist,iris,0.2,0,5,0.7546,0.8432
fmnist,iris,0.2,1,0,0.7612,0.8149
fmnist,iris,0.2,1,1,0.7509,0.8236
fmnist,iris,0.2,1,2,0.724,0.8167
fmnist,iris,0.2,1,3,0.726,0.8136
fmnist,iris,0.2,1,4,0.7376,0.8348
fmnist,iris,0.2,1,5,0.7538,0.8335
fmnist,iris,0.2,2,0,0.7431,0.813
fmnist,iris,0.2,2,1,0.73,0.8299
fmnist,iris,0.2,2,2,0.7353,0.8105
fmnist,iris,0.2,2,3,0.7505,0.8328
fmnist,iris,0.2,2,4,0.7576,0.8421
fmnist,iris,0.2,2,5,0.7478,0.8473
fmnist,iris-norel,0.2,0,0,0.789,0.8116
fmnist,iris-norel,0.2,0,1,0.7649,0.7899
fmnist,iris-norel,0.2,0,2,0.7379,0.7979
fmnist,iris-norel,0.2,0,3,0.7211,0.7946
fmnist,iris-norel,0.2,0,4,0.7017,0.7974
fmnist,iris-norel,0.2,0,5,0.7286,0.7926
fmnist,iris-norel,0.2,1,0,0.734,0.7802
fmnist,iris-norel,0.2,1,1,0.7256,0.7967
fmnist,iris-norel,0.2,1,2,0.7342,0.8014
fmnist,iris-norel,0.2,1,3,0.7409,0.7991
fmnist,iris-norel,0.2,1,4,0.7334,0.7979
fmnist,iris-norel,0.2,1,5,0.7133,0.7888
fmnist,iris-norel,0.2,2,0,0.748,0.8105
fmnist,iris-norel,0.2,2,1,0.7374,0.8141
fmnist,iris-norel,0.2,2,2,0.7041,0.8156
fmnist,iris-norel,0.2,2,3,0.7123,0.8129
fmnist,iris-norel,0.2,2,4,0.7519,0.8303
fmnist,iris-norel,0.2,2,5,0.7412,0.8197
cifar10,iris,0.0,0,0,0.6248,0.6889
cifar10,iris,0.0,0,1,0.6030,0.6943
cifar10,iris,0.0,0,2,0.6481,0.7250
cifar10,iris,0.0,0,3,0.6550,0.7394
cifar10,iris,0.0,0,4,0.7084,0.7914
cifar10,iris,0.0,0,5,0.7164,0.8028
cifar10,iris,0.0,1,0,0.6116,0.7065
cifar10,iris,0.0,1,1,0.6077,0.7093
cifar10,iris,0.0,1,2,0.6182,0.7259
cifar10,iris,0.0,1,3,0.6240,0.7370
cifar10,iris,0.0,1,4,0.6886,0.7762
cifar10,iris,0.0,1,5,0.7209,0.8062
cifar10,iris,0.0,2,0,0.6114,0.6968
cifar10,iris,0.0,2,1,0.6033,0.7001
cifar10,iris,0.0,2,2,0.6425,0.7271
cifar10,iris,0.0,2,3,0.6332,0.7394
cifar10,iris,0.0,2,4,0.6901,0.7763
cifar10,iris,0.0,2,5,0.6991,0.7875
cifar10,iris,0.2,0,0,0.6081,0.6633
cifar10,iris,0.2,0,1,0.6027,0.6824
cifar10,iris,0.2,0,2,0.6135,0.7016
cifar10,iris,0.2,0,3,0.6543,0.7249
cifar10,iris,0.2,0,4,0.6670,0.7363
cifar10,iris,0.2,0,5,0.6360,0.7187
cifar10,iris,0.2,1,0,0.6265,0.6747
cifar10,iris,0.2,1,1,0.5948,0.6851
cifar10,iris,0.2,1,2,0.6222,0.6937
cifar10,iris,0.2,1,3,0.6200,0.7104
cifar10,iris,0.2,1,4,0.6511,0.7220
cifar10,iris,0.2,1,5,0.6333,0.7271
cifar10,iris,0.2,2,0,0.5916,0.6682
cifar10,iris,0.2,2,1,0.5765,0.6637
cifar10,iris,0.2,2,2,0.5988,0.6882
cifar10,iris,0.2,2,3,0.6009,0.7021
cifar10,iris,0.2,2,4,0.6338,0.7256
cifar10,iris,0.2,2,5,0.6428,0.7368
bloodmnist,iris,0.0,0,0,0.7794,0.8026
bloodmnist,iris,0.0,0,1,0.6761,0.7189
bloodmnist,iris,0.0,0,2,0.7826,0.8491
bloodmnist,iris,0.0,0,3,0.7866,0.8598
bloodmnist,iris,0.0,0,4,0.8252,0.8751
bloodmnist,iris,0.0,0,5,0.8479,0.9005
bloodmnist,iris,0.0,1,0,0.7464,0.7669
bloodmnist,iris,0.0,1,1,0.7586,0.8199
bloodmnist,iris,0.0,1,2,0.7200,0.7733
bloodmnist,iris,0.0,1,3,0.8286,0.8839
bloodmnist,iris,0.0,1,4,0.8258,0.8868
bloodmnist,iris,0.0,1,5,0.8533,0.9021
bloodmnist,iris,0.0,2,0,0.7020,0.7008
bloodmnist,iris,0.0,2,1,0.7828,0.8272
bloodmnist,iris,0.0,2,2,0.7743,0.8396
bloodmnist,iris,0.0,2,3,0.7640,0.8439
bloodmnist,iris,0.0,2,4,0.8136,0.8895
bloodmnist,iris,0.0,2,5,0.8535,0.9014
bloodmnist,iris-nodiv,0.0,0,0,0.7791,0.8051
bloodmnist,iris-nodiv,0.0,0,1,0.7950,0.8288
bloodmnist,iris-nodiv,0.0,0,2,0.7590,0.8399
bloodmnist,iris-nodiv,0.0,0,3,0.7205,0.8018
bloodmnist,iris-nodiv,0.0,0,4,0.7699,0.8661
bloodmnist,iris-nodiv,0.0,0,5,0.7612,0.8584
bloodmnist,iris-nodiv,0.0,1,0,0.7404,0.7634
bloodmnist,iris-nodiv,0.0,1,1,0.8138,0.8590
bloodmnist,iris-nodiv,0.0,1,2,0.7854,0.8178
bloodmnist,iris-nodiv,0.0,1,3,0.7850,0.8404
bloodmnist,iris-nodiv,0.0,1,4,0.7770,0.8738
bloodmnist,iris-nodiv,0.0,1,5,0.7318,0.8379
bloodmnist,iris-nodiv,0.0,2,0,0.7013,0.7063
bloodmnist,iris-nodiv,0.0,2,1,0.7932,0.8572
bloodmnist,iris-nodiv,0.0,2,2,0.7620,0.8260
bloodmnist,iris-nodiv,0.0,2,3,0.7663,0.8410
bloodmnist,iris-nodiv,0.0,2,4,0.7636,0.8766
bloodmnist,iris-nodiv,0.0,2,5,0.7546,0.8665
bloodmnist,iris,0.2,0,0,0.7706,0.7925
bloodmnist,iris,0.2,0,1,0.6511,0.6879
bloodmnist,iris,0.2,0,2,0.7898,0.8505
bloodmnist,iris,0.2,0,3,0.7747,0.8412
bloodmnist,iris,0.2,0,4,0.7816,0.8673
bloodmnist,iris,0.2,0,5,0.8128,0.8790
bloodmnist,iris,0.2,1,0,0.7133,0.6950
bloodmnist,iris,0.2,1,1,0.7532,0.8192
bloodmnist,iris,0.2,1,2,0.7246,0.7853
bloodmnist,iris,0.2,1,3,0.7961,0.8489
bloodmnist,iris,0.2,1,4,0.8393,0.8775
bloodmnist,iris,0.2,1,5,0.8462,0.8848
bloodmnist,iris,0.2,2,0,0.7327,0.6990
bloodmnist,iris,0.2,2,1,0.7560,0.7820
bloodmnist,iris,0.2,2,2,0.8099,0.8635
bloodmnist,iris,0.2,2,3,0.7417,0.8185
bloodmnist,iris,0.2,2,4,0.7829,0.8557
bloodmnist,iris,0.2,2,5,0.8345,0.8866
bloodmnist,iris-norel,0.2,0,0,0.7790,0.7844
bloodmnist,iris-norel,0.2,0,1,0.6631,0.6665
bloodmnist,iris-norel,0.2,0,2,0.7739,0.8176
bloodmnist,iris-norel,0.2,0,3,0.6581,0.7178
bloodmnist,iris-norel,0.2,0,4,0.7910,0.8509
bloodmnist,iris-norel,0.2,0,5,0.8131,0.8588
bloodmnist,iris-norel,0.2,1,0,0.7406,0.6960
bloodmnist,iris-norel,0.2,1,1,0.7622,0.7973
bloodmnist,iris-norel,0.2,1,2,0.7460,0.7935
bloodmnist,iris-norel,0.2,1,3,0.7874,0.8168
bloodmnist,iris-norel,0.2,1,4,0.8372,0.8633
bloodmnist,iris-norel,0.2,1,5,0.8189,0.8594
bloodmnist,iris-norel,0.2,2,0,0.7351,0.6990
bloodmnist,iris-norel,0.2,2,1,0.7583,0.7796
bloodmnist,iris-norel,0.2,2,2,0.7530,0.7541
bloodmnist,iris-norel,0.2,2,3,0.7768,0.7933
bloodmnist,iris-norel,0.2,2,4,0.8024,0.8291
bloodmnist,iris-norel,0.2,2,5,0.8502,0.8604
bloodmnist,iris,0.0,3,0,0.7667,0.8175
bloodmnist,iris,0.0,3,1,0.7290,0.7685
bloodmnist,iris,0.0,3,2,0.7602,0.8398
bloodmnist,iris,0.0,3,3,0.8069,0.8735
bloodmnist,iris,0.0,3,4,0.8462,0.8922
bloodmnist,iris,0.0,3,5,0.8389,0.9067
bloodmnist,iris,0.0,4,0,0.7401,0.7987
bloodmnist,iris,0.0,4,1,0.7222,0.7641
bloodmnist,iris,0.0,4,2,0.7409,0.7804
bloodmnist,iris,0.0,4,3,0.8199,0.8861
bloodmnist,iris,0.0,4,4,0.8358,0.8900
bloodmnist,iris,0.0,4,5,0.8746,0.9047
bloodmnist,iris,0.0,5,0,0.7613,0.7930
bloodmnist,iris,0.0,5,1,0.6458,0.7136
bloodmnist,iris,0.0,5,2,0.7728,0.8615
bloodmnist,iris,0.0,5,3,0.7799,0.8718
bloodmnist,iris,0.0,5,4,0.8209,0.8913
bloodmnist,iris,0.0,5,5,0.8139,0.8902
bloodmnist,iris-nodiv,0.0,3,0,0.7707,0.8124
bloodmnist,iris-nodiv,0.0,3,1,0.7892,0.8568
bloodmnist,iris-nodiv,0.0,3,2,0.7511,0.8442
bloodmnist,iris-nodiv,0.0,3,3,0.7245,0.8071
bloodmnist,iris-nodiv,0.0,3,4,0.7374,0.8463
bloodmnist,iris-nodiv,0.0,3,5,0.7630,0.8812
bloodmnist,iris-nodiv,0.0,4,0,0.7458,0.7982
bloodmnist,iris-nodiv,0.0,4,1,0.7229,0.7748
bloodmnist,iris-nodiv,0.0,4,2,0.7294,0.7758
bloodmnist,iris-nodiv,0.0,4,3,0.7962,0.8634
bloodmnist,iris-nodiv,0.0,4,4,0.7456,0.8424
bloodmnist,iris-nodiv,0.0,4,5,0.7173,0.8541
bloodmnist,iris-nodiv,0.0,5,0,0.7566,0.7901
bloodmnist,iris-nodiv,0.0,5,1,0.7940,0.8358
bloodmnist,iris-nodiv,0.0,5,2,0.7480,0.7977
bloodmnist,iris-nodiv,0.0,5,3,0.7873,0.8821
bloodmnist,iris-nodiv,0.0,5,4,0.7320,0.8364
bloodmnist,iris-nodiv,0.0,5,5,0.7554,0.8475
bloodmnist,iris,0.2,3,0,0.7758,0.7432
bloodmnist,iris,0.2,3,1,0.7423,0.7691
bloodmnist,iris,0.2,3,2,0.7578,0.7833
bloodmnist,iris,0.2,3,3,0.8239,0.8721
bloodmnist,iris,0.2,3,4,0.7886,0.8445
bloodmnist,iris,0.2,3,5,0.7958,0.8796
bloodmnist,iris,0.2,4,0,0.7241,0.7683
bloodmnist,iris,0.2,4,1,0.7832,0.8203
bloodmnist,iris,0.2,4,2,0.7958,0.8230
bloodmnist,iris,0.2,4,3,0.7923,0.8548
bloodmnist,iris,0.2,4,4,0.8393,0.8834
bloodmnist,iris,0.2,4,5,0.8225,0.8829
bloodmnist,iris,0.2,5,0,0.7506,0.7514
bloodmnist,iris,0.2,5,1,0.7377,0.7383
bloodmnist,iris,0.2,5,2,0.8139,0.8484
bloodmnist,iris,0.2,5,3,0.7331,0.7628
bloodmnist,iris,0.2,5,4,0.7547,0.8587
bloodmnist,iris,0.2,5,5,0.7873,0.8884
bloodmnist,iris-norel,0.2,3,0,0.7721,0.7127
bloodmnist,iris-norel,0.2,3,1,0.7071,0.7070
bloodmnist,iris-norel,0.2,3,2,0.8023,0.8324
bloodmnist,iris-norel,0.2,3,3,0.7444,0.7949
bloodmnist,iris-norel,0.2,3,4,0.7849,0.8324
bloodmnist,iris-norel,0.2,3,5,0.7942,0.8570
bloodmnist,iris-norel,0.2,4,0,0.7272,0.7501
bloodmnist,iris-norel,0.2,4,1,0.7557,0.7989
bloodmnist,iris-norel,0.2,4,2,0.7522,0.7845
bloodmnist,iris-norel,0.2,4,3,0.7839,0.8157
bloodmnist,iris-norel,0.2,4,4,0.8239,0.8389
bloodmnist,iris-norel,0.2,4,5,0.8070,0.8491
bloodmnist,iris-norel,0.2,5,0,0.7049,0.7169
bloodmnist,iris-norel,0.2,5,1,0.7374,0.7629
bloodmnist,iris-norel,0.2,5,2,0.7650,0.8187
bloodmnist,iris-norel,0.2,5,3,0.7415,0.7970
bloodmnist,iris-norel,0.2,5,4,0.7992,0.8434
bloodmnist,iris-norel,0.2,5,5,0.7879,0.8528
fmnist,iris,0.0,5,0,0.7491,0.8150
fmnist,iris,0.0,4,0,0.7607,0.8349
fmnist,iris,0.0,5,1,0.7573,0.8375
fmnist,iris,0.0,4,1,0.7390,0.8383
fmnist,iris,0.0,5,2,0.7635,0.8445
fmnist,iris,0.0,4,2,0.7320,0.8380
fmnist,iris,0.0,5,3,0.7535,0.8500
fmnist,iris,0.0,4,3,0.7771,0.8563
fmnist,iris,0.0,3,0,0.7676,0.8297
fmnist,iris,0.0,5,4,0.7548,0.8533
fmnist,iris,0.0,4,4,0.7819,0.8706
fmnist,iris,0.0,3,1,0.7840,0.8444
fmnist,iris,0.0,5,5,0.7739,0.8682
fmnist,iris,0.0,3,2,0.7577,0.8463
fmnist,iris,0.0,4,5,0.7804,0.8658
fmnist,iris-nodiv,0.0,5,0,0.7491,0.8150
fmnist,iris-nodiv,0.0,4,0,0.7607,0.8349
fmnist,iris-nodiv,0.0,5,1,0.7515,0.8334
fmnist,iris,0.0,3,3,0.7655,0.8555
fmnist,iris-nodiv,0.0,4,1,0.7328,0.8336
fmnist,iris-nodiv,0.0,5,2,0.7368,0.8320
fmnist,iris-nodiv,0.0,4,2,0.7446,0.8399
fmnist,iris,0.0,3,4,0.7655,0.8544
fmnist,iris-nodiv,0.0,5,3,0.7455,0.8452
fmnist,iris-nodiv,0.0,4,3,0.7887,0.8494
fmnist,iris,0.0,3,5,0.7772,0.8678
fmnist,iris-nodiv,0.0,5,4,0.7510,0.8569
fmnist,iris-nodiv,0.0,3,0,0.7676,0.8297
fmnist,iris-nodiv,0.0,4,4,0.7897,0.8606
fmnist,iris-nodiv,0.0,5,5,0.7611,0.8605
fmnist,iris-nodiv,0.0,3,1,0.7733,0.8403
fmnist,iris-nodiv,0.0,4,5,0.7851,0.8661
fmnist,iris-nodiv,0.0,3,2,0.7631,0.8507
fmnist,iris-nodiv,0.0,3,3,0.7584,0.8421
fmnist,iris-nodiv,0.0,3,4,0.7692,0.8500
fmnist,iris-nodiv,0.0,3,5,0.7707,0.8627
fmnist,iris,0.2,5,0,0.7364,0.7858
fmnist,iris,0.2,5,1,0.7099,0.7932
fmnist,iris,0.2,5,2,0.7212,0.8167
fmnist,iris,0.2,4,0,0.7435,0.8106
fmnist,iris,0.2,5,3,0.7051,0.8175
fmnist,iris,0.2,4,1,0.7467,0.8107
fmnist,iris,0.2,5,4,0.7050,0.8282
fmnist,iris,0.2,4,2,0.7442,0.8207
fmnist,iris,0.2,4,3,0.6989,0.8168
fmnist,iris,0.2,5,5,0.7294,0.8376
fmnist,iris-norel,0.2,5,0,0.7100,0.7516
fmnist,iris,0.2,4,4,0.7351,0.8414
fmnist,iris-norel,0.2,5,1,0.7006,0.7802
fmnist,iris-norel,0.2,5,2,0.7180,0.7895
fmnist,iris,0.2,4,5,0.7354,0.8309
fmnist,iris,0.2,3,0,0.7513,0.8280
fmnist,iris-norel,0.2,4,0,0.7172,0.7692
fmnist,iris-norel,0.2,5,3,0.6927,0.7803
fmnist,iris,0.2,3,1,0.7226,0.8167
fmnist,iris-norel,0.2,4,1,0.7105,0.7541
fmnist,iris-norel,0.2,5,4,0.6977,0.7947
fmnist,iris,0.2,3,2,0.7441,0.8334
fmnist,iris-norel,0.2,4,2,0.7328,0.7840
fmnist,iris-norel,0.2,5,5,0.7110,0.7917
fmnist,iris,0.2,3,3,0.7334,0.8312
fmnist,iris-norel,0.2,4,3,0.7440,0.8121
fmnist,iris-norel,0.2,4,4,0.7382,0.8092
fmnist,iris,0.2,3,4,0.7480,0.8381
fmnist,iris-norel,0.2,4,5,0.7114,0.7999
fmnist,iris,0.2,3,5,0.7444,0.8428
fmnist,iris-norel,0.2,3,0,0.7437,0.7984
fmnist,iris-norel,0.2,3,1,0.7397,0.7898
fmnist,iris-norel,0.2,3,2,0.7126,0.7960
fmnist,iris-norel,0.2,3,3,0.7058,0.7877
fmnist,iris-norel,0.2,3,4,0.7084,0.7967
fmnist,iris-norel,0.2,3,5,0.7040,0.8052
