dataset,method,noise,seed,round,n_labeled,test_acc,wall_s
fmnist,random,0.0,0,0,500,0.7431,3.1
fmnist,random,0.0,0,1,1000,0.7906,6.9
fmnist,random,0.0,0,2,1500,0.8284,11.3
fmnist,random,0.0,0,3,2000,0.8442,16.6
fmnist,random,0.0,0,4,2500,0.8517,22.5
fmnist,random,0.0,0,5,3000,0.8692,29.1
fmnist,random,0.0,1,0,500,0.7543,2.9
fmnist,random,0.0,1,1,1000,0.7866,6.7
fmnist,random,0.0,1,2,1500,0.8209,11.3
fmnist,random,0.0,1,3,2000,0.8278,16.5
fmnist,random,0.0,1,4,2500,0.8481,22.4
fmnist,random,0.0,1,5,3000,0.8676,28.8
fmnist,random,0.0,2,0,500,0.7491,2.8
fmnist,random,0.0,2,1,1000,0.8044,6.6
fmnist,random,0.0,2,2,1500,0.8174,11.2
fmnist,random,0.0,2,3,2000,0.8395,16.5
fmnist,random,0.0,2,4,2500,0.8511,22.4
fmnist,random,0.0,2,5,3000,0.8601,28.9
fmnist,entropy,0.0,0,0,500,0.7431,2.9
fmnist,entropy,0.0,0,1,1000,0.7961,8.4
fmnist,entropy,0.0,0,2,1500,0.8267,14.6
fmnist,entropy,0.0,0,3,2000,0.8356,21.4
fmnist,entropy,0.0,0,4,2500,0.8514,28.9
fmnist,entropy,0.0,0,5,3000,0.8762,37.2
fmnist,entropy,0.0,1,0,500,0.7543,2.9
fmnist,entropy,0.0,1,1,1000,0.795,8.5
fmnist,entropy,0.0,1,2,1500,0.8348,14.8
fmnist,entropy,0.0,1,3,2000,0.8413,21.7
fmnist,entropy,0.0,1,4,2500,0.8679,29.2
fmnist,entropy,0.0,1,5,3000,0.8663,37.5
fmnist,entropy,0.0,2,0,500,0.7491,2.9
fmnist,entropy,0.0,2,1,1000,0.8143,8.5
fmnist,entropy,0.0,2,2,1500,0.8285,14.7
fmnist,entropy,0.0,2,3,2000,0.846,21.6
fmnist,entropy,0.0,2,4,2500,0.8673,29.2
fmnist,entropy,0.0,2,5,3000,0.8749,37.4
fmnist,bald,0.0,0,0,500,0.7431,2.9
fmnist,bald,0.0,0,1,1000,0.8011,22.5
fmnist,bald,0.0,0,2,1500,0.8155,42.7
fmnist,bald,0.0,0,3,2000,0.8331,63.6
fmnist,bald,0.0,0,4,2500,0.8714,84.9
fmnist,bald,0.0,0,5,3000,0.8893,106.7
fmnist,bald,0.0,1,0,500,0.7543,2.9
fmnist,bald,0.0,1,1,1000,0.7743,22.5
fmnist,bald,0.0,1,2,1500,0.8105,42.8
fmnist,bald,0.0,1,3,2000,0.8317,63.6
fmnist,bald,0.0,1,4,2500,0.8651,85.0
fmnist,bald,0.0,1,5,3000,0.873,106.9
fmnist,bald,0.0,2,0,500,0.7491,3.0
fmnist,bald,0.0,2,1,1000,0.8129,22.6
fmnist,bald,0.0,2,2,1500,0.8283,42.8
fmnist,bald,0.0,2,3,2000,0.8557,63.5
fmnist,bald,0.0,2,4,2500,0.8708,84.8
fmnist,bald,0.0,2,5,3000,0.8878,106.6
fmnist,coreset,0.0,0,0,500,0.7431,3.0
fmnist,coreset,0.0,0,1,1000,0.7829,9.0
fmnist,coreset,0.0,0,2,1500,0.8172,15.8
fmnist,coreset,0.0,0,3,2000,0.8248,23.2
fmnist,coreset,0.0,0,4,2500,0.8339,31.3
fmnist,coreset,0.0,0,5,3000,0.8388,40.0
fmnist,coreset,0.0,1,0,500,0.7543,3.1
fmnist,coreset,0.0,1,1,1000,0.7841,9.3
fmnist,coreset,0.0,1,2,1500,0.8124,16.0
fmnist,coreset,0.0,1,3,2000,0.8108,23.4
fmnist,coreset,0.0,1,4,2500,0.8365,31.5
fmnist,coreset,0.0,1,5,3000,0.8477,40.1
fmnist,coreset,0.0,2,0,500,0.7491,3.1
fmnist,coreset,0.0,2,1,1000,0.8068,9.1
fmnist,coreset,0.0,2,2,1500,0.8217,15.8
fmnist,coreset,0.0,2,3,2000,0.8305,23.3
fmnist,coreset,0.0,2,4,2500,0.8305,31.3
fmnist,coreset,0.0,2,5,3000,0.8339,39.9
fmnist,iris,0.0,0,0,500,0.7431,3.0
fmnist,iris,0.0,0,1,1000,0.8024,14.7
fmnist,iris,0.0,0,2,1500,0.8336,21.7
fmnist,iris,0.0,0,3,2000,0.8481,29.4
fmnist,iris,0.0,0,4,2500,0.8609,37.8
fmnist,iris,0.0,0,5,3000,0.8845,46.9
fmnist,iris,0.0,1,0,500,0.7543,3.3
fmnist,iris,0.0,1,1,1000,0.7967,9.7
fmnist,iris,0.0,1,2,1500,0.8435,16.8
fmnist,iris,0.0,1,3,2000,0.845,24.6
fmnist,iris,0.0,1,4,2500,0.8745,33.0
fmnist,iris,0.0,1,5,3000,0.87,42.3
fmnist,iris,0.0,2,0,500,0.7491,3.3
fmnist,iris,0.0,2,1,1000,0.7903,9.7
fmnist,iris,0.0,2,2,1500,0.8071,16.9
fmnist,iris,0.0,2,3,2000,0.8387,24.7
fmnist,iris,0.0,2,4,2500,0.8532,33.2
fmnist,iris,0.0,2,5,3000,0.8658,42.3
fmnist,iris-nodiv,0.0,0,0,500,0.7431,3.3
fmnist,iris-nodiv,0.0,0,1,1000,0.7957,9.5
fmnist,iris-nodiv,0.0,0,2,1500,0.8203,16.5
fmnist,iris-nodiv,0.0,0,3,2000,0.8371,24.0
fmnist,iris-nodiv,0.0,0,4,2500,0.8536,32.3
fmnist,iris-nodiv,0.0,0,5,3000,0.8768,41.2
fmnist,iris-nodiv,0.0,1,0,500,0.7543,3.3
fmnist,iris-nodiv,0.0,1,1,1000,0.7987,9.6
fmnist,iris-nodiv,0.0,1,2,1500,0.8323,16.6
fmnist,iris-nodiv,0.0,1,3,2000,0.8379,24.2
fmnist,iris-nodiv,0.0,1,4,2500,0.8558,32.5
fmnist,iris-nodiv,0.0,1,5,3000,0.8564,41.7
fmnist,iris-nodiv,0.0,2,0,500,0.7491,3.4
fmnist,iris-nodiv,0.0,2,1,1000,0.7741,9.9
fmnist,iris-nodiv,0.0,2,2,1500,0.7841,19.8
fmnist,iris-nodiv,0.0,2,3,2000,0.8192,27.8
fmnist,iris-nodiv,0.0,2,4,2500,0.8414,36.1
fmnist,iris-nodiv,0.0,2,5,3000,0.8543,45.0
fmnist,random,0.2,0,0,500,0.7245,3.2
fmnist,random,0.2,0,1,1000,0.7692,7.6
fmnist,random,0.2,0,2,1500,0.7903,12.7
fmnist,random,0.2,0,3,2000,0.8043,18.4
fmnist,random,0.2,0,4,2500,0.8262,24.8
fmnist,random,0.2,0,5,3000,0.8448,31.9
fmnist,random,0.2,1,0,500,0.7266,3.2
fmnist,random,0.2,1,1,1000,0.7651,7.6
fmnist,random,0.2,1,2,1500,0.8011,12.7
fmnist,random,0.2,1,3,2000,0.8148,18.5
fmnist,random,0.2,1,4,2500,0.8226,25.1
fmnist,random,0.2,1,5,3000,0.8357,32.2
fmnist,random,0.2,2,0,500,0.7349,3.2
fmnist,random,0.2,2,1,1000,0.7912,7.7
fmnist,random,0.2,2,2,1500,0.7877,12.8
fmnist,random,0.2,2,3,2000,0.8131,18.6
fmnist,random,0.2,2,4,2500,0.8315,25.1
fmnist,random,0.2,2,5,3000,0.841,32.1
fmnist,entropy,0.2,0,0,500,0.7245,3.3
fmnist,entropy,0.2,0,1,1000,0.7812,9.2
fmnist,entropy,0.2,0,2,1500,0.8018,15.8
fmnist,entropy,0.2,0,3,2000,0.8205,23.2
fmnist,entropy,0.2,0,4,2500,0.8273,31.1
fmnist,entropy,0.2,0,5,3000,0.8506,39.7
fmnist,entropy,0.2,1,0,500,0.7266,3.3
fmnist,entropy,0.2,1,1,1000,0.7685,9.2
fmnist,entropy,0.2,1,2,1500,0.7868,15.8
fmnist,entropy,0.2,1,3,2000,0.7956,23.0
fmnist,entropy,0.2,1,4,2500,0.8267,31.0
fmnist,entropy,0.2,1,5,3000,0.8397,39.6
fmnist,entropy,0.2,2,0,500,0.7349,3.3
fmnist,entropy,0.2,2,1,1000,0.7661,9.2
fmnist,entropy,0.2,2,2,1500,0.7963,15.8
fmnist,entropy,0.2,2,3,2000,0.8218,23.2
fmnist,entropy,0.2,2,4,2500,0.8362,31.2
fmnist,entropy,0.2,2,5,3000,0.8479,39.9
fmnist,bald,0.2,0,0,500,0.7245,3.3
fmnist,bald,0.2,0,1,1000,0.7615,23.2
fmnist,bald,0.2,0,2,1500,0.7783,43.9
fmnist,bald,0.2,0,3,2000,0.7923,65.1
fmnist,bald,0.2,0,4,2500,0.8018,86.8
fmnist,bald,0.2,0,5,3000,0.8165,109.2
fmnist,bald,0.2,1,0,500,0.7266,3.3
fmnist,bald,0.2,1,1,1000,0.7569,23.2
fmnist,bald,0.2,1,2,1500,0.7669,43.8
fmnist,bald,0.2,1,3,2000,0.8066,64.9
fmnist,bald,0.2,1,4,2500,0.8168,86.7
fmnist,bald,0.2,1,5,3000,0.8328,109.0
fmnist,bald,0.2,2,0,500,0.7349,3.3
fmnist,bald,0.2,2,1,1000,0.7585,23.5
fmnist,bald,0.2,2,2,1500,0.7524,44.3
fmnist,bald,0.2,2,3,2000,0.7802,65.6
fmnist,bald,0.2,2,4,2500,0.7979,87.4
fmnist,bald,0.2,2,5,3000,0.8103,109.6
fmnist,coreset,0.2,0,0,500,0.7245,3.2
fmnist,coreset,0.2,0,1,1000,0.7722,9.6
fmnist,coreset,0.2,0,2,1500,0.7893,16.6
fmnist,coreset,0.2,0,3,2000,0.802,24.4
fmnist,coreset,0.2,0,4,2500,0.8014,32.8
fmnist,coreset,0.2,0,5,3000,0.8252,42.0
fmnist,coreset,0.2,1,0,500,0.7266,3.3
fmnist,coreset,0.2,1,1,1000,0.7539,9.6
fmnist,coreset,0.2,1,2,1500,0.7786,16.5
fmnist,coreset,0.2,1,3,2000,0.7822,24.2
fmnist,coreset,0.2,1,4,2500,0.802,32.5
fmnist,coreset,0.2,1,5,3000,0.8128,41.5
fmnist,coreset,0.2,2,0,500,0.7349,3.3
fmnist,coreset,0.2,2,1,1000,0.7684,9.6
fmnist,coreset,0.2,2,2,1500,0.7782,16.6
fmnist,coreset,0.2,2,3,2000,0.8027,24.2
fmnist,coreset,0.2,2,4,2500,0.8028,32.6
fmnist,coreset,0.2,2,5,3000,0.813,41.7
fmnist,iris,0.2,0,0,500,0.71,3.3
fmnist,iris,0.2,0,1,1000,0.7724,9.8
fmnist,iris,0.2,0,2,1500,0.7956,16.9
fmnist,iris,0.2,0,3,2000,0.8339,24.8
fmnist,iris,0.2,0,4,2500,0.8442,33.3
fmnist,iris,0.2,0,5,3000,0.8493,42.4
fmnist,iris,0.2,1,0,500,0.7338,3.3
fmnist,iris,0.2,1,1,1000,0.7878,9.8
fmnist,iris,0.2,1,2,1500,0.8014,16.9
fmnist,iris,0.2,1,3,2000,0.8178,24.8
fmnist,iris,0.2,1,4,2500,0.842,33.3
fmnist,iris,0.2,1,5,3000,0.8525,42.6
fmnist,iris,0.2,2,0,500,0.7363,3.3
fmnist,iris,0.2,2,1,1000,0.7807,9.8
fmnist,iris,0.2,2,2,1500,0.8021,17.0
fmnist,iris,0.2,2,3,2000,0.8189,24.9
fmnist,iris,0.2,2,4,2500,0.8436,33.4
fmnist,iris,0.2,2,5,3000,0.8547,42.6
fmnist,iris-norel,0.2,0,0,500,0.7245,3.3
fmnist,iris-norel,0.2,0,1,1000,0.7654,9.7
fmnist,iris-norel,0.2,0,2,1500,0.7979,16.8
fmnist,iris-norel,0.2,0,3,2000,0.8028,24.6
fmnist,iris-norel,0.2,0,4,2500,0.8276,33.1
fmnist,iris-norel,0.2,0,5,3000,0.8418,42.3
fmnist,iris-norel,0.2,1,0,500,0.7266,3.4
fmnist,iris-norel,0.2,1,1,1000,0.7725,9.9
fmnist,iris-norel,0.2,1,2,1500,0.7922,17.1
fmnist,iris-norel,0.2,1,3,2000,0.8142,24.9
fmnist,iris-norel,0.2,1,4,2500,0.8435,33.4
fmnist,iris-norel,0.2,1,5,3000,0.8485,42.6
fmnist,iris-norel,0.2,2,0,500,0.7349,3.3
fmnist,iris-norel,0.2,2,1,1000,0.7586,9.8
fmnist,iris-norel,0.2,2,2,1500,0.7815,16.9
fmnist,iris-norel,0.2,2,3,2000,0.8027,24.7
fmnist,iris-norel,0.2,2,4,2500,0.8286,33.2
fmnist,iris-norel,0.2,2,5,3000,0.8448,42.4
cifar10,random,0.0,0,0,1000,0.4308,8.1
cifar10,random,0.0,0,1,2000,0.5289,18.5
cifar10,random,0.0,0,2,3000,0.6161,32.2
cifar10,random,0.0,0,3,4000,0.6588,49.2
cifar10,random,0.0,0,4,5000,0.719,69.3
cifar10,random,0.0,0,5,6000,0.7403,92.6
cifar10,random,0.0,1,0,1000,0.4441,7.6
cifar10,random,0.0,1,1,2000,0.5403,17.9
cifar10,random,0.0,1,2,3000,0.6236,31.4
cifar10,random,0.0,1,3,4000,0.6623,48.3
cifar10,random,0.0,1,4,5000,0.7059,68.2
cifar10,random,0.0,1,5,6000,0.7512,91.4
cifar10,random,0.0,2,0,1000,0.4423,7.5
cifar10,random,0.0,2,1,2000,0.53,17.7
cifar10,random,0.0,2,2,3000,0.5938,31.2
cifar10,random,0.0,2,3,4000,0.6401,48.1
cifar10,random,0.0,2,4,5000,0.7039,67.9
cifar10,random,0.0,2,5,6000,0.7436,91.1
cifar10,entropy,0.0,0,0,1000,0.4308,7.6
cifar10,entropy,0.0,0,1,2000,0.5036,19.7
cifar10,entropy,0.0,0,2,3000,0.5831,35.1
cifar10,entropy,0.0,0,3,4000,0.5937,53.8
cifar10,entropy,0.0,0,4,5000,0.6177,75.4
cifar10,entropy,0.0,0,5,6000,0.7445,100.4
cifar10,entropy,0.0,1,0,1000,0.4441,7.6
cifar10,entropy,0.0,1,1,2000,0.5445,19.8
cifar10,entropy,0.0,1,2,3000,0.5904,35.2
cifar10,entropy,0.0,1,3,4000,0.6721,54.0
cifar10,entropy,0.0,1,4,5000,0.639,75.7
cifar10,entropy,0.0,1,5,6000,0.7571,100.7
cifar10,entropy,0.0,2,0,1000,0.4423,7.6
cifar10,entropy,0.0,2,1,2000,0.4428,19.8
cifar10,entropy,0.0,2,2,3000,0.5707,35.2
cifar10,entropy,0.0,2,3,4000,0.6428,54.0
cifar10,entropy,0.0,2,4,5000,0.6777,75.7
cifar10,entropy,0.0,2,5,6000,0.7009,100.7
cifar10,bald,0.0,0,0,1000,0.4308,7.6
cifar10,bald,0.0,0,1,2000,0.5044,35.7
cifar10,bald,0.0,0,2,3000,0.5964,67.0
cifar10,bald,0.0,0,3,4000,0.6471,101.0
cifar10,bald,0.0,0,4,5000,0.6966,137.8
cifar10,bald,0.0,0,5,6000,0.721,177.6
cifar10,bald,0.0,1,0,1000,0.4441,7.6
cifar10,bald,0.0,1,1,2000,0.4878,35.8
cifar10,bald,0.0,1,2,3000,0.5876,67.0
cifar10,bald,0.0,1,3,4000,0.6373,101.2
cifar10,bald,0.0,1,4,5000,0.6996,138.0
cifar10,bald,0.0,1,5,6000,0.7453,177.7
cifar10,bald,0.0,2,0,1000,0.4423,7.7
cifar10,bald,0.0,2,1,2000,0.4545,35.9
cifar10,bald,0.0,2,2,3000,0.5725,67.0
cifar10,bald,0.0,2,3,4000,0.6393,101.0
cifar10,bald,0.0,2,4,5000,0.6991,137.9
cifar10,bald,0.0,2,5,6000,0.745,177.6
cifar10,coreset,0.0,0,0,1000,0.4308,7.7
cifar10,coreset,0.0,0,1,2000,0.5055,20.8
cifar10,coreset,0.0,0,2,3000,0.5802,37.4
cifar10,coreset,0.0,0,3,4000,0.6139,57.2
cifar10,coreset,0.0,0,4,5000,0.6613,80.0
cifar10,coreset,0.0,0,5,6000,0.7195,106.1
cifar10,coreset,0.0,1,0,1000,0.4441,7.6
cifar10,coreset,0.0,1,1,2000,0.5225,20.9
cifar10,coreset,0.0,1,2,3000,0.5971,37.4
cifar10,coreset,0.0,1,3,4000,0.6532,57.1
cifar10,coreset,0.0,1,4,5000,0.6439,80.0
cifar10,coreset,0.0,1,5,6000,0.7169,106.1
cifar10,coreset,0.0,2,0,1000,0.4423,7.6
cifar10,coreset,0.0,2,1,2000,0.5012,20.8
cifar10,coreset,0.0,2,2,3000,0.5654,37.4
cifar10,coreset,0.0,2,3,4000,0.6367,57.2
cifar10,coreset,0.0,2,4,5000,0.6789,79.9
cifar10,coreset,0.0,2,5,6000,0.7064,106.1
cifar10,iris,0.0,0,0,1000,0.4308,7.6
cifar10,iris,0.0,0,1,2000,0.5144,20.5
cifar10,iris,0.0,0,2,3000,0.5725,36.6
cifar10,iris,0.0,0,3,4000,0.6661,56.0
cifar10,iris,0.0,0,4,5000,0.6825,78.5
cifar10,iris,0.0,0,5,6000,0.6936,104.4
cifar10,iris,0.0,1,0,1000,0.4441,7.6
cifar10,iris,0.0,1,1,2000,0.4867,20.4
cifar10,iris,0.0,1,2,3000,0.5245,36.5
cifar10,iris,0.0,1,3,4000,0.6228,56.0
cifar10,iris,0.0,1,4,5000,0.7023,78.5
cifar10,iris,0.0,1,5,6000,0.7007,104.4
cifar10,iris,0.0,2,0,1000,0.4423,7.6
cifar10,iris,0.0,2,1,2000,0.5208,20.5
cifar10,iris,0.0,2,2,3000,0.5729,36.7
cifar10,iris,0.0,2,3,4000,0.6004,56.2
cifar10,iris,0.0,2,4,5000,0.7013,78.7
cifar10,iris,0.0,2,5,6000,0.7329,104.5
cifar10,random,0.2,0,0,1000,0.3913,7.7
cifar10,random,0.2,0,1,2000,0.4937,18.0
cifar10,random,0.2,0,2,3000,0.5525,31.7
cifar10,random,0.2,0,3,4000,0.5684,48.8
cifar10,random,0.2,0,4,5000,0.605,68.8
cifar10,random,0.2,0,5,6000,0.6376,92.1
cifar10,random,0.2,1,0,1000,0.4016,7.6
cifar10,random,0.2,1,1,2000,0.4751,17.9
cifar10,random,0.2,1,2,3000,0.541,31.5
cifar10,random,0.2,1,3,4000,0.5624,48.5
cifar10,random,0.2,1,4,5000,0.5809,68.6
cifar10,random,0.2,1,5,6000,0.6248,92.0
cifar10,random,0.2,2,0,1000,0.3769,7.6
cifar10,random,0.2,2,1,2000,0.4652,18.0
cifar10,random,0.2,2,2,3000,0.5289,31.6
cifar10,random,0.2,2,3,4000,0.5805,48.6
cifar10,random,0.2,2,4,5000,0.6131,68.6
cifar10,random,0.2,2,5,6000,0.6347,91.9
cifar10,entropy,0.2,0,0,1000,0.3913,7.6
cifar10,entropy,0.2,0,1,2000,0.4662,19.9
cifar10,entropy,0.2,0,2,3000,0.4957,35.4
cifar10,entropy,0.2,0,3,4000,0.5464,54.1
cifar10,entropy,0.2,0,4,5000,0.6002,75.8
cifar10,entropy,0.2,0,5,6000,0.6388,100.8
cifar10,entropy,0.2,1,0,1000,0.4016,7.7
cifar10,entropy,0.2,1,1,2000,0.4485,19.9
cifar10,entropy,0.2,1,2,3000,0.5366,35.4
cifar10,entropy,0.2,1,3,4000,0.5146,54.2
cifar10,entropy,0.2,1,4,5000,0.5663,76.0
cifar10,entropy,0.2,1,5,6000,0.618,101.1
cifar10,entropy,0.2,2,0,1000,0.3769,7.6
cifar10,entropy,0.2,2,1,2000,0.4152,19.8
cifar10,entropy,0.2,2,2,3000,0.5173,35.2
cifar10,entropy,0.2,2,3,4000,0.5294,54.0
cifar10,entropy,0.2,2,4,5000,0.5674,75.8
cifar10,entropy,0.2,2,5,6000,0.6079,100.8
cifar10,bald,0.2,0,0,1000,0.3913,7.7
cifar10,bald,0.2,0,1,2000,0.4082,35.8
cifar10,bald,0.2,0,2,3000,0.4466,66.9
cifar10,bald,0.2,0,3,4000,0.5327,101.1
cifar10,bald,0.2,0,4,5000,0.5821,137.9
cifar10,bald,0.2,0,5,6000,0.5949,177.8
cifar10,bald,0.2,1,0,1000,0.4016,7.6
cifar10,bald,0.2,1,1,2000,0.4204,35.8
cifar10,bald,0.2,1,2,3000,0.4749,67.0
cifar10,bald,0.2,1,3,4000,0.5269,101.3
cifar10,bald,0.2,1,4,5000,0.5851,138.0
cifar10,bald,0.2,1,5,6000,0.6255,177.9
cifar10,bald,0.2,2,0,1000,0.3769,7.6
cifar10,bald,0.2,2,1,2000,0.3921,35.7
cifar10,bald,0.2,2,2,3000,0.4429,67.0
cifar10,bald,0.2,2,3,4000,0.5004,101.2
cifar10,bald,0.2,2,4,5000,0.5441,137.9
cifar10,bald,0.2,2,5,6000,0.596,177.8
cifar10,coreset,0.2,0,0,1000,0.3913,7.6
cifar10,coreset,0.2,0,1,2000,0.4438,20.8
cifar10,coreset,0.2,0,2,3000,0.4823,37.3
cifar10,coreset,0.2,0,3,4000,0.5278,57.1
cifar10,coreset,0.2,0,4,5000,0.5651,79.9
cifar10,coreset,0.2,0,5,6000,0.6012,106.0
cifar10,coreset,0.2,1,0,1000,0.4016,7.7
cifar10,coreset,0.2,1,1,2000,0.4264,20.8
cifar10,coreset,0.2,1,2,3000,0.4726,37.4
cifar10,coreset,0.2,1,3,4000,0.5059,57.1
cifar10,coreset,0.2,1,4,5000,0.5615,80.0
cifar10,coreset,0.2,1,5,6000,0.602,106.1
cifar10,coreset,0.2,2,0,1000,0.3769,7.6
cifar10,coreset,0.2,2,1,2000,0.4078,20.8
cifar10,coreset,0.2,2,2,3000,0.4845,37.4
cifar10,coreset,0.2,2,3,4000,0.5327,57.2
cifar10,coreset,0.2,2,4,5000,0.5826,80.1
cifar10,coreset,0.2,2,5,6000,0.6077,106.2
cifar10,iris,0.2,0,0,1000,0.4004,7.7
cifar10,iris,0.2,0,1,2000,0.4491,20.5
cifar10,iris,0.2,0,2,3000,0.4537,36.7
cifar10,iris,0.2,0,3,4000,0.5778,56.3
cifar10,iris,0.2,0,4,5000,0.6415,78.9
cifar10,iris,0.2,0,5,6000,0.6235,104.8
cifar10,iris,0.2,1,0,1000,0.3963,7.6
cifar10,iris,0.2,1,1,2000,0.4592,20.5
cifar10,iris,0.2,1,2,3000,0.5192,36.8
cifar10,iris,0.2,1,3,4000,0.5312,56.3
cifar10,iris,0.2,1,4,5000,0.5889,78.9
cifar10,iris,0.2,1,5,6000,0.6246,104.8
cifar10,iris,0.2,2,0,1000,0.3773,7.7
cifar10,iris,0.2,2,1,2000,0.4279,20.6
cifar10,iris,0.2,2,2,3000,0.4909,36.8
cifar10,iris,0.2,2,3,4000,0.5311,56.4
cifar10,iris,0.2,2,4,5000,0.5627,79.0
cifar10,iris,0.2,2,5,6000,0.6178,104.9
bloodmnist,random,0.0,0,0,500,0.7702,3.8
bloodmnist,random,0.0,0,1,1000,0.8196,8.1
bloodmnist,random,0.0,0,2,1500,0.8533,13.3
bloodmnist,random,0.0,0,3,2000,0.8752,19.4
bloodmnist,random,0.0,0,4,2500,0.8799,26.2
bloodmnist,random,0.0,0,5,3000,0.9038,33.8
bloodmnist,random,0.0,1,0,500,0.6498,3.7
bloodmnist,random,0.0,1,1,1000,0.8039,8.1
bloodmnist,random,0.0,1,2,1500,0.8237,13.3
bloodmnist,random,0.0,1,3,2000,0.8688,19.3
bloodmnist,random,0.0,1,4,2500,0.874,26.1
bloodmnist,random,0.0,1,5,3000,0.8992,33.6
bloodmnist,random,0.0,2,0,500,0.6831,3.7
bloodmnist,random,0.0,2,1,1000,0.8267,8.1
bloodmnist,random,0.0,2,2,1500,0.8384,13.2
bloodmnist,random,0.0,2,3,2000,0.8638,19.3
bloodmnist,random,0.0,2,4,2500,0.8828,26.1
bloodmnist,random,0.0,2,5,3000,0.8933,33.7
bloodmnist,entropy,0.0,1,0,500,0.6498,3.7
bloodmnist,entropy,0.0,1,1,1000,0.7895,8.5
bloodmnist,entropy,0.0,1,2,1500,0.7559,14.1
bloodmnist,entropy,0.0,1,3,2000,0.884,20.4
bloodmnist,entropy,0.0,1,4,2500,0.8942,27.5
bloodmnist,entropy,0.0,1,5,3000,0.9155,35.5
bloodmnist,entropy,0.0,2,0,500,0.6831,3.7
bloodmnist,entropy,0.0,2,1,1000,0.7857,8.5
bloodmnist,entropy,0.0,2,2,1500,0.8135,14.1
bloodmnist,entropy,0.0,2,3,2000,0.8787,20.5
bloodmnist,entropy,0.0,2,4,2500,0.9176,27.6
bloodmnist,entropy,0.0,2,5,3000,0.9179,35.5
bloodmnist,bald,0.0,0,0,500,0.7702,3.7
bloodmnist,bald,0.0,0,1,1000,0.8141,12.1
bloodmnist,bald,0.0,0,2,1500,0.8585,21.3
bloodmnist,bald,0.0,0,3,2000,0.8743,31.1
bloodmnist,bald,0.0,0,4,2500,0.8889,41.7
bloodmnist,bald,0.0,0,5,3000,0.9097,52.8
bloodmnist,bald,0.0,1,0,500,0.6498,3.7
bloodmnist,bald,0.0,1,1,1000,0.798,12.1
bloodmnist,bald,0.0,1,2,1500,0.8509,21.3
bloodmnist,bald,0.0,1,3,2000,0.8717,31.2
bloodmnist,bald,0.0,1,4,2500,0.8977,41.7
bloodmnist,bald,0.0,1,5,3000,0.9217,52.8
bloodmnist,bald,0.0,2,0,500,0.6831,3.7
bloodmnist,bald,0.0,2,1,1000,0.7413,12.1
bloodmnist,bald,0.0,2,2,1500,0.8524,21.2
bloodmnist,bald,0.0,2,3,2000,0.872,31.0
bloodmnist,bald,0.0,2,4,2500,0.9015,41.4
bloodmnist,bald,0.0,2,5,3000,0.9187,52.6
bloodmnist,coreset,0.0,0,0,500,0.7702,3.7
bloodmnist,coreset,0.0,0,1,1000,0.8068,8.6
bloodmnist,coreset,0.0,0,2,1500,0.8246,14.3
bloodmnist,coreset,0.0,0,3,2000,0.8305,24.1
bloodmnist,coreset,0.0,0,4,2500,0.7667,34.8
bloodmnist,coreset,0.0,0,5,3000,0.8337,43.3
bloodmnist,coreset,0.0,1,0,500,0.6498,3.7
bloodmnist,coreset,0.0,1,1,1000,0.8042,8.6
bloodmnist,coreset,0.0,1,2,1500,0.8498,14.3
bloodmnist,coreset,0.0,1,3,2000,0.8433,20.9
bloodmnist,coreset,0.0,1,4,2500,0.8772,28.2
bloodmnist,coreset,0.0,1,5,3000,0.8603,36.3
bloodmnist,coreset,0.0,2,0,500,0.6831,3.7
bloodmnist,coreset,0.0,2,1,1000,0.784,8.5
bloodmnist,coreset,0.0,2,2,1500,0.8533,14.3
bloodmnist,coreset,0.0,2,3,2000,0.8609,20.8
bloodmnist,coreset,0.0,2,4,2500,0.8848,28.2
bloodmnist,coreset,0.0,2,5,3000,0.8536,36.3
bloodmnist,iris,0.0,0,0,500,0.7702,3.7
bloodmnist,iris,0.0,0,1,1000,0.7106,8.7
bloodmnist,iris,0.0,0,2,1500,0.7828,14.5
bloodmnist,iris,0.0,0,3,2000,0.8576,21.2
bloodmnist,iris,0.0,0,4,2500,0.8872,28.7
bloodmnist,iris,0.0,0,5,3000,0.9161,37.0
bloodmnist,iris,0.0,1,0,500,0.6498,3.7
bloodmnist,iris,0.0,1,1,1000,0.6752,8.7
bloodmnist,iris,0.0,1,2,1500,0.8068,14.6
bloodmnist,iris,0.0,1,3,2000,0.8527,21.4
bloodmnist,iris,0.0,1,4,2500,0.898,28.9
bloodmnist,iris,0.0,1,5,3000,0.9123,37.1
bloodmnist,iris,0.0,2,0,500,0.6831,3.7
bloodmnist,iris,0.0,2,1,1000,0.7378,8.7
bloodmnist,iris,0.0,2,2,1500,0.7653,14.6
bloodmnist,iris,0.0,2,3,2000,0.8822,21.4
bloodmnist,iris,0.0,2,4,2500,0.8983,28.9
bloodmnist,iris,0.0,2,5,3000,0.898,37.2
bloodmnist,iris-nodiv,0.0,0,0,500,0.7702,3.7
bloodmnist,iris-nodiv,0.0,0,1,1000,0.7241,8.6
bloodmnist,iris-nodiv,0.0,0,2,1500,0.7662,14.3
bloodmnist,iris-nodiv,0.0,0,3,2000,0.8062,20.9
bloodmnist,iris-nodiv,0.0,0,4,2500,0.855,28.2
bloodmnist,iris-nodiv,0.0,0,5,3000,0.9091,36.3
bloodmnist,iris-nodiv,0.0,1,0,500,0.6498,3.7
bloodmnist,iris-nodiv,0.0,1,1,1000,0.7808,8.6
bloodmnist,iris-nodiv,0.0,1,2,1500,0.7033,14.4
bloodmnist,iris-nodiv,0.0,1,3,2000,0.7621,20.9
bloodmnist,iris-nodiv,0.0,1,4,2500,0.8758,28.2
bloodmnist,iris-nodiv,0.0,1,5,3000,0.8746,36.3
bloodmnist,iris-nodiv,0.0,2,0,500,0.6831,3.7
bloodmnist,iris-nodiv,0.0,2,1,1000,0.7749,8.6
bloodmnist,iris-nodiv,0.0,2,2,1500,0.7963,14.3
bloodmnist,iris-nodiv,0.0,2,3,2000,0.8179,20.9
bloodmnist,iris-nodiv,0.0,2,4,2500,0.8658,28.2
bloodmnist,iris-nodiv,0.0,2,5,3000,0.8632,36.3
bloodmnist,random,0.2,0,0,500,0.727,3.7
bloodmnist,random,0.2,0,1,1000,0.7714,8.0
bloodmnist,random,0.2,0,2,1500,0.8138,13.2
bloodmnist,random,0.2,0,3,2000,0.8416,19.2
bloodmnist,random,0.2,0,4,2500,0.8544,26.0
bloodmnist,random,0.2,0,5,3000,0.8778,33.7
bloodmnist,random,0.2,1,0,500,0.5574,3.7
bloodmnist,random,0.2,1,1,1000,0.772,8.1
bloodmnist,random,0.2,1,2,1500,0.7904,13.2
bloodmnist,random,0.2,1,3,2000,0.8313,19.2
bloodmnist,random,0.2,1,4,2500,0.853,25.9
bloodmnist,random,0.2,1,5,3000,0.8652,33.5
bloodmnist,random,0.2,2,0,500,0.6121,3.7
bloodmnist,random,0.2,2,1,1000,0.7401,7.9
bloodmnist,random,0.2,2,2,1500,0.7992,13.0
bloodmnist,random,0.2,2,3,2000,0.8243,19.1
bloodmnist,random,0.2,2,4,2500,0.8623,25.8
bloodmnist,random,0.2,2,5,3000,0.8702,33.4
bloodmnist,entropy,0.2,0,0,500,0.727,3.7
bloodmnist,entropy,0.2,0,1,1000,0.6551,8.5
bloodmnist,entropy,0.2,0,2,1500,0.777,14.1
bloodmnist,entropy,0.2,0,3,2000,0.7381,20.4
bloodmnist,entropy,0.2,0,4,2500,0.8375,27.5
bloodmnist,entropy,0.2,0,5,3000,0.8439,35.4
bloodmnist,entropy,0.2,1,0,500,0.5574,3.7
bloodmnist,entropy,0.2,1,1,1000,0.7504,8.4
bloodmnist,entropy,0.2,1,2,1500,0.736,13.9
bloodmnist,entropy,0.2,1,3,2000,0.8252,20.3
bloodmnist,entropy,0.2,1,4,2500,0.853,27.4
bloodmnist,entropy,0.2,1,5,3000,0.872,35.3
bloodmnist,entropy,0.2,2,0,500,0.6121,3.7
bloodmnist,entropy,0.2,2,1,1000,0.7159,8.5
bloodmnist,entropy,0.2,2,2,1500,0.7533,14.0
bloodmnist,entropy,0.2,2,3,2000,0.8267,20.3
bloodmnist,entropy,0.2,2,4,2500,0.8533,27.4
bloodmnist,entropy,0.2,2,5,3000,0.8568,35.4
bloodmnist,bald,0.2,0,0,500,0.727,3.7
bloodmnist,bald,0.2,0,1,1000,0.6621,12.1
bloodmnist,bald,0.2,0,2,1500,0.7711,21.1
bloodmnist,bald,0.2,0,3,2000,0.7998,30.9
bloodmnist,bald,0.2,0,4,2500,0.822,41.4
bloodmnist,bald,0.2,0,5,3000,0.8381,52.6
bloodmnist,bald,0.2,1,0,500,0.5574,3.7
bloodmnist,bald,0.2,1,1,1000,0.677,12.1
bloodmnist,bald,0.2,1,2,1500,0.7504,21.2
bloodmnist,bald,0.2,1,3,2000,0.7989,31.0
bloodmnist,bald,0.2,1,4,2500,0.8176,41.4
bloodmnist,bald,0.2,1,5,3000,0.8255,52.5
bloodmnist,bald,0.2,2,0,500,0.6121,3.6
bloodmnist,bald,0.2,2,1,1000,0.6326,12.0
bloodmnist,bald,0.2,2,2,1500,0.6992,21.1
bloodmnist,bald,0.2,2,3,2000,0.7928,30.9
bloodmnist,bald,0.2,2,4,2500,0.8094,41.4
bloodmnist,bald,0.2,2,5,3000,0.8156,52.6
bloodmnist,coreset,0.2,0,0,500,0.727,3.7
bloodmnist,coreset,0.2,0,1,1000,0.7743,8.6
bloodmnist,coreset,0.2,0,2,1500,0.8199,14.3
bloodmnist,coreset,0.2,0,3,2000,0.824,20.9
bloodmnist,coreset,0.2,0,4,2500,0.829,28.2
bloodmnist,coreset,0.2,0,5,3000,0.8761,36.3
bloodmnist,coreset,0.2,1,0,500,0.5574,3.7
bloodmnist,coreset,0.2,1,1,1000,0.7352,8.5
bloodmnist,coreset,0.2,1,2,1500,0.7439,14.2
bloodmnist,coreset,0.2,1,3,2000,0.8305,20.7
bloodmnist,coreset,0.2,1,4,2500,0.8547,27.9
bloodmnist,coreset,0.2,1,5,3000,0.869,36.0
bloodmnist,coreset,0.2,2,0,500,0.6121,3.6
bloodmnist,coreset,0.2,2,1,1000,0.703,8.5
bloodmnist,coreset,0.2,2,2,1500,0.7729,14.3
bloodmnist,coreset,0.2,2,3,2000,0.8448,20.7
bloodmnist,coreset,0.2,2,4,2500,0.8474,28.0
bloodmnist,coreset,0.2,2,5,3000,0.8758,36.1
bloodmnist,iris,0.2,0,0,500,0.7135,3.7
bloodmnist,iris,0.2,0,1,1000,0.6393,8.7
bloodmnist,iris,0.2,0,2,1500,0.7948,14.6
bloodmnist,iris,0.2,0,3,2000,0.8036,21.3
bloodmnist,iris,0.2,0,4,2500,0.8547,28.9
bloodmnist,iris,0.2,0,5,3000,0.8869,37.2
bloodmnist,iris,0.2,1,0,500,0.5434,3.7
bloodmnist,iris,0.2,1,1,1000,0.7568,8.8
bloodmnist,iris,0.2,1,2,1500,0.77,14.6
bloodmnist,iris,0.2,1,3,2000,0.8252,21.3
bloodmnist,iris,0.2,1,4,2500,0.8705,28.7
bloodmnist,iris,0.2,1,5,3000,0.872,37.0
bloodmnist,iris,0.2,2,0,500,0.5659,3.7
bloodmnist,iris,0.2,2,1,1000,0.7869,8.7
bloodmnist,iris,0.2,2,2,1500,0.8094,14.5
bloodmnist,iris,0.2,2,3,2000,0.8261,21.2
bloodmnist,iris,0.2,2,4,2500,0.8366,28.7
bloodmnist,iris,0.2,2,5,3000,0.8688,37.1
bloodmnist,iris-norel,0.2,0,0,500,0.727,3.6
bloodmnist,iris-norel,0.2,0,1,1000,0.6337,8.7
bloodmnist,iris-norel,0.2,0,2,1500,0.8004,14.5
bloodmnist,iris-norel,0.2,0,3,2000,0.7439,21.2
bloodmnist,iris-norel,0.2,0,4,2500,0.8553,28.7
bloodmnist,iris-norel,0.2,0,5,3000,0.8927,37.0
bloodmnist,iris-norel,0.2,1,0,500,0.5574,3.7
bloodmnist,iris-norel,0.2,1,1,1000,0.7773,8.8
bloodmnist,iris-norel,0.2,1,2,1500,0.6296,14.7
bloodmnist,iris-norel,0.2,1,3,2000,0.8375,21.4
bloodmnist,iris-norel,0.2,1,4,2500,0.8404,28.9
bloodmnist,iris-norel,0.2,1,5,3000,0.8609,37.3
bloodmnist,iris-norel,0.2,2,0,500,0.6121,3.7
bloodmnist,iris-norel,0.2,2,1,1000,0.7363,8.7
bloodmnist,iris-norel,0.2,2,2,1500,0.7816,14.6
bloodmnist,iris-norel,0.2,2,3,2000,0.8223,21.2
bloodmnist,iris-norel,0.2,2,4,2500,0.8462,28.7
bloodmnist,iris-norel,0.2,2,5,3000,0.8688,37.1
fmnist,random,0.0,3,0,500,0.7381,3.3
fmnist,random,0.0,3,1,1000,0.7804,7.4
fmnist,random,0.0,3,2,1500,0.8223,12.2
fmnist,random,0.0,3,3,2000,0.8395,17.6
fmnist,random,0.0,3,4,2500,0.8545,23.8
fmnist,random,0.0,3,5,3000,0.8597,30.6
fmnist,random,0.0,4,0,500,0.7271,3.0
fmnist,random,0.0,4,1,1000,0.783,7.1
fmnist,random,0.0,4,2,1500,0.8157,11.9
fmnist,random,0.0,4,3,2000,0.8471,17.4
fmnist,random,0.0,4,4,2500,0.8552,23.5
fmnist,random,0.0,4,5,3000,0.8618,30.3
fmnist,random,0.0,5,0,500,0.7223,3.1
fmnist,random,0.0,5,1,1000,0.7918,7.1
fmnist,random,0.0,5,2,1500,0.8249,11.9
fmnist,random,0.0,5,3,2000,0.844,17.4
fmnist,random,0.0,5,4,2500,0.8484,23.4
fmnist,random,0.0,5,5,3000,0.8586,30.2
fmnist,entropy,0.0,3,0,500,0.7381,3.0
fmnist,entropy,0.0,3,1,1000,0.8056,8.6
fmnist,entropy,0.0,3,2,1500,0.8294,15.1
fmnist,entropy,0.0,3,3,2000,0.8426,22.1
fmnist,entropy,0.0,3,4,2500,0.8617,30.0
fmnist,entropy,0.0,3,5,3000,0.875,38.5
fmnist,entropy,0.0,4,0,500,0.7271,3.1
fmnist,entropy,0.0,4,1,1000,0.7938,8.9
fmnist,entropy,0.0,4,2,1500,0.8312,15.4
fmnist,entropy,0.0,4,3,2000,0.8454,22.6
fmnist,entropy,0.0,4,4,2500,0.8669,30.4
fmnist,entropy,0.0,4,5,3000,0.8633,38.9
fmnist,entropy,0.0,5,0,500,0.7223,3.1
fmnist,entropy,0.0,5,1,1000,0.7999,8.8
fmnist,entropy,0.0,5,2,1500,0.8277,15.2
fmnist,entropy,0.0,5,3,2000,0.8455,22.3
fmnist,entropy,0.0,5,4,2500,0.8542,30.0
fmnist,entropy,0.0,5,5,3000,0.8708,38.7
fmnist,bald,0.0,3,0,500,0.7381,3.2
fmnist,bald,0.0,3,1,1000,0.7948,23.0
fmnist,bald,0.0,3,2,1500,0.8107,43.5
fmnist,bald,0.0,3,3,2000,0.8583,64.6
fmnist,bald,0.0,3,4,2500,0.8787,86.3
fmnist,bald,0.0,3,5,3000,0.8829,108.4
fmnist,bald,0.0,4,0,500,0.7271,3.2
fmnist,bald,0.0,4,1,1000,0.7673,23.1
fmnist,bald,0.0,4,2,1500,0.8169,43.7
fmnist,bald,0.0,4,3,2000,0.8514,64.9
fmnist,bald,0.0,4,4,2500,0.8669,86.6
fmnist,bald,0.0,4,5,3000,0.8705,108.8
fmnist,bald,0.0,5,0,500,0.7223,3.2
fmnist,bald,0.0,5,1,1000,0.7839,22.9
fmnist,bald,0.0,5,2,1500,0.8115,43.4
fmnist,bald,0.0,5,3,2000,0.8337,64.4
fmnist,bald,0.0,5,4,2500,0.8677,85.9
fmnist,bald,0.0,5,5,3000,0.8782,108.0
fmnist,coreset,0.0,3,0,500,0.7381,3.2
fmnist,coreset,0.0,3,1,1000,0.7961,9.5
fmnist,coreset,0.0,3,2,1500,0.8142,16.6
fmnist,coreset,0.0,3,3,2000,0.8182,24.3
fmnist,coreset,0.0,3,4,2500,0.8328,32.7
fmnist,coreset,0.0,3,5,3000,0.8366,41.7
fmnist,coreset,0.0,4,0,500,0.7271,3.4
fmnist,coreset,0.0,4,1,1000,0.7895,9.7
fmnist,coreset,0.0,4,2,1500,0.8051,16.7
fmnist,coreset,0.0,4,3,2000,0.8249,24.4
fmnist,coreset,0.0,4,4,2500,0.8247,32.8
fmnist,coreset,0.0,4,5,3000,0.8336,41.7
fmnist,coreset,0.0,5,0,500,0.7223,3.3
fmnist,coreset,0.0,5,1,1000,0.7832,9.5
fmnist,coreset,0.0,5,2,1500,0.8079,16.5
fmnist,coreset,0.0,5,3,2000,0.8252,24.2
fmnist,coreset,0.0,5,4,2500,0.8377,32.6
fmnist,coreset,0.0,5,5,3000,0.8409,41.6
fmnist,iris,0.0,3,0,500,0.7381,3.3
fmnist,iris,0.0,3,1,1000,0.7742,10.4
fmnist,iris,0.0,3,2,1500,0.8198,17.7
fmnist,iris,0.0,3,3,2000,0.8507,25.9
fmnist,iris,0.0,3,4,2500,0.8633,34.8
fmnist,iris,0.0,3,5,3000,0.8796,44.4
fmnist,iris,0.0,4,0,500,0.7271,3.7
fmnist,iris,0.0,4,1,1000,0.7775,10.6
fmnist,iris,0.0,4,2,1500,0.8309,18.0
fmnist,iris,0.0,4,3,2000,0.8536,26.1
fmnist,iris,0.0,4,4,2500,0.8688,35.0
fmnist,iris,0.0,4,5,3000,0.881,44.7
fmnist,iris,0.0,5,0,500,0.7223,3.5
fmnist,iris,0.0,5,1,1000,0.7873,10.5
fmnist,iris,0.0,5,2,1500,0.8276,21.6
fmnist,iris,0.0,5,3,2000,0.8434,29.9
fmnist,iris,0.0,5,4,2500,0.8591,38.6
fmnist,iris,0.0,5,5,3000,0.8756,48.1
fmnist,iris-nodiv,0.0,3,0,500,0.7381,3.6
fmnist,iris-nodiv,0.0,3,1,1000,0.7726,10.1
fmnist,iris-nodiv,0.0,3,2,1500,0.7984,17.3
fmnist,iris-nodiv,0.0,3,3,2000,0.8309,25.1
fmnist,iris-nodiv,0.0,3,4,2500,0.8442,33.6
fmnist,iris-nodiv,0.0,3,5,3000,0.8663,42.9
fmnist,iris-nodiv,0.0,4,0,500,0.7271,3.7
fmnist,iris-nodiv,0.0,4,1,1000,0.7634,10.3
fmnist,iris-nodiv,0.0,4,2,1500,0.8199,17.5
fmnist,iris-nodiv,0.0,4,3,2000,0.8369,25.4
fmnist,iris-nodiv,0.0,4,4,2500,0.8478,33.8
fmnist,iris-nodiv,0.0,4,5,3000,0.8639,43.0
fmnist,iris-nodiv,0.0,5,0,500,0.7223,3.5
fmnist,iris-nodiv,0.0,5,1,1000,0.7402,10.0
fmnist,iris-nodiv,0.0,5,2,1500,0.8083,17.2
fmnist,iris-nodiv,0.0,5,3,2000,0.8213,25.1
fmnist,iris-nodiv,0.0,5,4,2500,0.8543,33.5
fmnist,iris-nodiv,0.0,5,5,3000,0.8607,42.7
fmnist,random,0.2,3,0,500,0.7209,3.5
fmnist,random,0.2,3,1,1000,0.7586,8.0
fmnist,random,0.2,3,2,1500,0.7946,13.4
fmnist,random,0.2,3,3,2000,0.8111,19.4
fmnist,random,0.2,3,4,2500,0.8336,26.1
fmnist,random,0.2,3,5,3000,0.8287,33.3
fmnist,random,0.2,4,0,500,0.7188,3.5
fmnist,random,0.2,4,1,1000,0.7752,8.1
fmnist,random,0.2,4,2,1500,0.7976,13.4
fmnist,random,0.2,4,3,2000,0.8187,19.4
fmnist,random,0.2,4,4,2500,0.8256,26.1
fmnist,random,0.2,4,5,3000,0.8329,33.4
fmnist,random,0.2,5,0,500,0.692,3.5
fmnist,random,0.2,5,1,1000,0.7652,8.1
fmnist,random,0.2,5,2,1500,0.7713,13.4
fmnist,random,0.2,5,3,2000,0.8197,19.4
fmnist,random,0.2,5,4,2500,0.8256,26.1
fmnist,random,0.2,5,5,3000,0.8398,33.4
fmnist,entropy,0.2,3,0,500,0.7209,3.6
fmnist,entropy,0.2,3,1,1000,0.7413,9.8
fmnist,entropy,0.2,3,2,1500,0.7661,16.7
fmnist,entropy,0.2,3,3,2000,0.786,24.2
fmnist,entropy,0.2,3,4,2500,0.8225,32.3
fmnist,entropy,0.2,3,5,3000,0.8387,41.0
fmnist,entropy,0.2,4,0,500,0.7188,3.5
fmnist,entropy,0.2,4,1,1000,0.7675,9.7
fmnist,entropy,0.2,4,2,1500,0.788,16.5
fmnist,entropy,0.2,4,3,2000,0.8119,24.0
fmnist,entropy,0.2,4,4,2500,0.8147,32.3
fmnist,entropy,0.2,4,5,3000,0.8382,41.2
fmnist,entropy,0.2,5,0,500,0.692,3.5
fmnist,entropy,0.2,5,1,1000,0.7524,9.6
fmnist,entropy,0.2,5,2,1500,0.7789,16.4
fmnist,entropy,0.2,5,3,2000,0.8002,23.9
fmnist,entropy,0.2,5,4,2500,0.8138,32.1
fmnist,entropy,0.2,5,5,3000,0.8426,40.9
fmnist,bald,0.2,3,0,500,0.7209,3.5
fmnist,bald,0.2,3,1,1000,0.7547,23.7
fmnist,bald,0.2,3,2,1500,0.7797,44.5
fmnist,bald,0.2,3,3,2000,0.7913,65.8
fmnist,bald,0.2,3,4,2500,0.7972,87.7
fmnist,bald,0.2,3,5,3000,0.8077,110.1
fmnist,bald,0.2,4,0,500,0.7188,3.5
fmnist,bald,0.2,4,1,1000,0.7645,23.6
fmnist,bald,0.2,4,2,1500,0.7648,44.6
fmnist,bald,0.2,4,3,2000,0.7757,65.9
fmnist,bald,0.2,4,4,2500,0.7954,87.8
fmnist,bald,0.2,4,5,3000,0.8072,110.3
fmnist,bald,0.2,5,0,500,0.692,3.4
fmnist,bald,0.2,5,1,1000,0.7458,23.7
fmnist,bald,0.2,5,2,1500,0.7678,44.5
fmnist,bald,0.2,5,3,2000,0.7973,66.0
fmnist,bald,0.2,5,4,2500,0.8218,88.0
fmnist,bald,0.2,5,5,3000,0.8409,110.6
fmnist,coreset,0.2,3,0,500,0.7209,3.5
fmnist,coreset,0.2,3,1,1000,0.7643,10.0
fmnist,coreset,0.2,3,2,1500,0.7828,17.3
fmnist,coreset,0.2,3,3,2000,0.7948,25.2
fmnist,coreset,0.2,3,4,2500,0.8231,33.8
fmnist,coreset,0.2,3,5,3000,0.8202,43.1
fmnist,coreset,0.2,4,0,500,0.7188,3.5
fmnist,coreset,0.2,4,1,1000,0.7722,10.1
fmnist,coreset,0.2,4,2,1500,0.7842,17.3
fmnist,coreset,0.2,4,3,2000,0.7999,25.2
fmnist,coreset,0.2,4,4,2500,0.8136,33.6
fmnist,coreset,0.2,4,5,3000,0.8228,42.8
fmnist,coreset,0.2,5,0,500,0.692,3.5
fmnist,coreset,0.2,5,1,1000,0.7533,10.0
fmnist,coreset,0.2,5,2,1500,0.7736,17.3
fmnist,coreset,0.2,5,3,2000,0.7926,25.2
fmnist,coreset,0.2,5,4,2500,0.814,33.7
fmnist,coreset,0.2,5,5,3000,0.8196,43.0
fmnist,iris,0.2,3,0,500,0.7358,3.5
fmnist,iris,0.2,3,1,1000,0.7575,10.3
fmnist,iris,0.2,3,2,1500,0.7945,17.6
fmnist,iris,0.2,3,3,2000,0.8285,25.8
fmnist,iris,0.2,3,4,2500,0.8329,34.6
fmnist,iris,0.2,3,5,3000,0.8662,44.0
fmnist,iris,0.2,4,0,500,0.7201,3.6
fmnist,iris,0.2,4,1,1000,0.7529,10.3
fmnist,iris,0.2,4,2,1500,0.7932,17.7
fmnist,iris,0.2,4,3,2000,0.8091,25.7
fmnist,iris,0.2,4,4,2500,0.845,34.5
fmnist,iris,0.2,4,5,3000,0.8542,43.9
fmnist,iris,0.2,5,0,500,0.6998,3.5
fmnist,iris,0.2,5,1,1000,0.7679,10.2
fmnist,iris,0.2,5,2,1500,0.8052,17.7
fmnist,iris,0.2,5,3,2000,0.816,25.7
fmnist,iris,0.2,5,4,2500,0.838,34.4
fmnist,iris,0.2,5,5,3000,0.8637,43.7
fmnist,iris-norel,0.2,3,0,500,0.7209,3.5
fmnist,iris-norel,0.2,3,1,1000,0.7514,10.2
fmnist,iris-norel,0.2,3,2,1500,0.772,17.7
fmnist,iris-norel,0.2,3,3,2000,0.806,25.7
fmnist,iris-norel,0.2,3,4,2500,0.8305,34.5
fmnist,iris-norel,0.2,3,5,3000,0.8488,43.8
fmnist,iris-norel,0.2,4,0,500,0.7188,3.5
fmnist,iris-norel,0.2,4,1,1000,0.7453,10.1
fmnist,iris-norel,0.2,4,2,1500,0.7857,17.4
fmnist,iris-norel,0.2,4,3,2000,0.8106,25.5
fmnist,iris-norel,0.2,4,4,2500,0.8295,34.2
fmnist,iris-norel,0.2,4,5,3000,0.8435,43.6
fmnist,iris-norel,0.2,5,0,500,0.692,3.5
fmnist,iris-norel,0.2,5,1,1000,0.7584,10.3
fmnist,iris-norel,0.2,5,2,1500,0.7827,17.6
fmnist,iris-norel,0.2,5,3,2000,0.7986,25.7
fmnist,iris-norel,0.2,5,4,2500,0.8293,34.5
fmnist,iris-norel,0.2,5,5,3000,0.8458,43.8
bloodmnist,random,0.0,3,0,500,0.6849,3.6
bloodmnist,random,0.0,3,1,1000,0.7968,7.8
bloodmnist,random,0.0,3,2,1500,0.8407,12.8
bloodmnist,random,0.0,3,3,2000,0.8755,18.7
bloodmnist,random,0.0,3,4,2500,0.8796,25.3
bloodmnist,random,0.0,3,5,3000,0.8989,32.7
bloodmnist,random,0.0,5,0,500,0.6945,3.6
bloodmnist,random,0.0,5,1,1000,0.7957,7.8
bloodmnist,random,0.0,5,2,1500,0.7849,12.8
bloodmnist,random,0.0,5,3,2000,0.8609,18.7
bloodmnist,random,0.0,5,4,2500,0.8723,25.3
bloodmnist,random,0.0,5,5,3000,0.8892,32.8
bloodmnist,entropy,0.0,3,0,500,0.6849,3.6
bloodmnist,entropy,0.0,3,1,1000,0.7203,8.3
bloodmnist,entropy,0.0,3,2,1500,0.8085,13.7
bloodmnist,entropy,0.0,3,3,2000,0.8302,20.0
bloodmnist,entropy,0.0,3,4,2500,0.8845,27.0
bloodmnist,entropy,0.0,3,5,3000,0.8921,34.9
bloodmnist,entropy,0.0,4,0,500,0.6811,3.6
bloodmnist,entropy,0.0,4,1,1000,0.7799,8.3
bloodmnist,entropy,0.0,4,2,1500,0.7393,13.8
bloodmnist,entropy,0.0,4,3,2000,0.8737,20.1
bloodmnist,entropy,0.0,4,4,2500,0.8971,27.1
bloodmnist,entropy,0.0,4,5,3000,0.9176,34.9
bloodmnist,entropy,0.0,5,0,500,0.6945,3.6
bloodmnist,entropy,0.0,5,1,1000,0.7217,8.2
bloodmnist,entropy,0.0,5,2,1500,0.7594,13.6
bloodmnist,entropy,0.0,5,3,2000,0.8439,19.8
bloodmnist,entropy,0.0,5,4,2500,0.8907,26.8
bloodmnist,entropy,0.0,5,5,3000,0.9214,34.6
bloodmnist,bald,0.0,3,0,500,0.6849,3.6
bloodmnist,bald,0.0,3,1,1000,0.7591,11.8
bloodmnist,bald,0.0,3,2,1500,0.8422,20.8
bloodmnist,bald,0.0,3,3,2000,0.8705,30.3
bloodmnist,bald,0.0,3,4,2500,0.8886,40.6
bloodmnist,bald,0.0,3,5,3000,0.9085,51.4
bloodmnist,bald,0.0,4,0,500,0.6811,3.6
bloodmnist,bald,0.0,4,1,1000,0.8042,11.9
bloodmnist,bald,0.0,4,2,1500,0.8524,20.8
bloodmnist,bald,0.0,4,3,2000,0.8752,30.4
bloodmnist,bald,0.0,4,4,2500,0.8828,40.7
bloodmnist,bald,0.0,4,5,3000,0.9255,51.6
bloodmnist,bald,0.0,5,0,500,0.6945,3.6
bloodmnist,bald,0.0,5,1,1000,0.7866,11.8
bloodmnist,bald,0.0,5,2,1500,0.8454,20.7
bloodmnist,bald,0.0,5,3,2000,0.8413,30.4
bloodmnist,bald,0.0,5,4,2500,0.8845,40.6
bloodmnist,bald,0.0,5,5,3000,0.9062,51.6
bloodmnist,coreset,0.0,3,0,500,0.6849,3.6
bloodmnist,coreset,0.0,3,1,1000,0.7767,8.4
bloodmnist,coreset,0.0,3,2,1500,0.8395,14.0
bloodmnist,coreset,0.0,3,3,2000,0.853,20.4
bloodmnist,coreset,0.0,3,4,2500,0.8603,27.6
bloodmnist,coreset,0.0,3,5,3000,0.8752,35.6
bloodmnist,coreset,0.0,4,0,500,0.6811,3.6
bloodmnist,coreset,0.0,4,1,1000,0.8202,8.3
bloodmnist,coreset,0.0,4,2,1500,0.8325,13.9
bloodmnist,coreset,0.0,4,3,2000,0.8515,20.4
bloodmnist,coreset,0.0,4,4,2500,0.8533,27.6
bloodmnist,coreset,0.0,4,5,3000,0.8641,35.6
bloodmnist,coreset,0.0,5,0,500,0.6945,3.6
bloodmnist,coreset,0.0,5,1,1000,0.741,8.5
bloodmnist,coreset,0.0,5,2,1500,0.848,14.1
bloodmnist,coreset,0.0,5,3,2000,0.8623,20.4
bloodmnist,coreset,0.0,5,4,2500,0.85,27.6
bloodmnist,coreset,0.0,5,5,3000,0.8629,35.6
bloodmnist,iris,0.0,3,0,500,0.6849,3.6
bloodmnist,iris,0.0,3,1,1000,0.7208,8.6
bloodmnist,iris,0.0,3,2,1500,0.815,14.4
bloodmnist,iris,0.0,3,3,2000,0.8594,21.1
bloodmnist,iris,0.0,3,4,2500,0.8945,28.5
bloodmnist,iris,0.0,3,5,3000,0.8951,36.8
bloodmnist,iris,0.0,4,0,500,0.6811,3.6
bloodmnist,iris,0.0,4,1,1000,0.6843,8.5
bloodmnist,iris,0.0,4,2,1500,0.8296,14.3
bloodmnist,iris,0.0,4,3,2000,0.8626,20.9
bloodmnist,iris,0.0,4,4,2500,0.8898,28.3
bloodmnist,iris,0.0,4,5,3000,0.917,36.5
bloodmnist,iris,0.0,5,0,500,0.6945,3.6
bloodmnist,iris,0.0,5,1,1000,0.6682,8.6
bloodmnist,iris,0.0,5,2,1500,0.8424,14.4
bloodmnist,iris,0.0,5,3,2000,0.8337,21.0
bloodmnist,iris,0.0,5,4,2500,0.8863,28.4
bloodmnist,iris,0.0,5,5,3000,0.8986,36.7
bloodmnist,iris-nodiv,0.0,3,0,500,0.6849,3.6
bloodmnist,iris-nodiv,0.0,3,1,1000,0.7363,8.5
bloodmnist,iris-nodiv,0.0,3,2,1500,0.8053,14.1
bloodmnist,iris-nodiv,0.0,3,3,2000,0.808,20.5
bloodmnist,iris-nodiv,0.0,3,4,2500,0.8164,27.7
bloodmnist,iris-nodiv,0.0,3,5,3000,0.8872,35.7
bloodmnist,iris-nodiv,0.0,4,0,500,0.6811,3.6
bloodmnist,iris-nodiv,0.0,4,1,1000,0.7895,8.5
bloodmnist,iris-nodiv,0.0,4,2,1500,0.7144,14.2
bloodmnist,iris-nodiv,0.0,4,3,2000,0.8261,20.6
bloodmnist,iris-nodiv,0.0,4,4,2500,0.8249,27.7
bloodmnist,iris-nodiv,0.0,4,5,3000,0.8696,35.6
bloodmnist,iris-nodiv,0.0,5,0,500,0.6945,3.6
bloodmnist,iris-nodiv,0.0,5,1,1000,0.7749,8.4
bloodmnist,iris-nodiv,0.0,5,2,1500,0.7872,14.0
bloodmnist,iris-nodiv,0.0,5,3,2000,0.8232,20.4
bloodmnist,iris-nodiv,0.0,5,4,2500,0.8348,27.7
bloodmnist,iris-nodiv,0.0,5,5,3000,0.8568,35.7
bloodmnist,random,0.2,3,0,500,0.6215,3.6
bloodmnist,random,0.2,3,1,1000,0.7393,7.8
bloodmnist,random,0.2,3,2,1500,0.8255,13.0
bloodmnist,random,0.2,3,3,2000,0.8419,18.9
bloodmnist,random,0.2,3,4,2500,0.8574,25.7
bloodmnist,random,0.2,3,5,3000,0.8688,33.2
bloodmnist,random,0.2,4,0,500,0.5285,3.6
bloodmnist,random,0.2,4,1,1000,0.7761,7.9
bloodmnist,random,0.2,4,2,1500,0.808,12.9
bloodmnist,random,0.2,4,3,2000,0.8275,18.9
bloodmnist,random,0.2,4,4,2500,0.841,25.6
bloodmnist,random,0.2,4,5,3000,0.8562,33.1
bloodmnist,random,0.2,5,0,500,0.6367,3.6
bloodmnist,random,0.2,5,1,1000,0.77,7.9
bloodmnist,random,0.2,5,2,1500,0.8164,13.0
bloodmnist,random,0.2,5,3,2000,0.836,18.9
bloodmnist,random,0.2,5,4,2500,0.8582,25.6
bloodmnist,random,0.2,5,5,3000,0.8781,33.1
bloodmnist,entropy,0.2,3,0,500,0.6215,3.6
bloodmnist,entropy,0.2,3,1,1000,0.7664,8.3
bloodmnist,entropy,0.2,3,2,1500,0.7773,13.8
bloodmnist,entropy,0.2,3,3,2000,0.6975,20.1
bloodmnist,entropy,0.2,3,4,2500,0.7337,27.1
bloodmnist,entropy,0.2,3,5,3000,0.8878,34.9
bloodmnist,entropy,0.2,4,0,500,0.5285,3.6
bloodmnist,entropy,0.2,4,1,1000,0.7363,8.3
bloodmnist,entropy,0.2,4,2,1500,0.6641,13.7
bloodmnist,entropy,0.2,4,3,2000,0.8331,20.0
bloodmnist,entropy,0.2,4,4,2500,0.8553,27.0
bloodmnist,entropy,0.2,4,5,3000,0.8831,34.8
bloodmnist,entropy,0.2,5,0,500,0.6367,3.6
bloodmnist,entropy,0.2,5,1,1000,0.6948,8.2
bloodmnist,entropy,0.2,5,2,1500,0.798,13.7
bloodmnist,entropy,0.2,5,3,2000,0.8293,20.0
bloodmnist,entropy,0.2,5,4,2500,0.8603,27.1
bloodmnist,entropy,0.2,5,5,3000,0.8474,34.9
bloodmnist,bald,0.2,3,0,500,0.6215,3.6
bloodmnist,bald,0.2,3,1,1000,0.6782,11.9
bloodmnist,bald,0.2,3,2,1500,0.7834,20.8
bloodmnist,bald,0.2,3,3,2000,0.8042,30.4
bloodmnist,bald,0.2,3,4,2500,0.8194,40.8
bloodmnist,bald,0.2,3,5,3000,0.8302,51.8
bloodmnist,bald,0.2,4,0,500,0.5285,3.6
bloodmnist,bald,0.2,4,1,1000,0.5987,11.9
bloodmnist,bald,0.2,4,2,1500,0.7755,20.8
bloodmnist,bald,0.2,4,3,2000,0.8094,30.4
bloodmnist,bald,0.2,4,4,2500,0.8308,40.6
bloodmnist,bald,0.2,4,5,3000,0.8424,51.6
bloodmnist,bald,0.2,5,0,500,0.6367,3.7
bloodmnist,bald,0.2,5,1,1000,0.6682,11.9
bloodmnist,bald,0.2,5,2,1500,0.793,20.9
bloodmnist,bald,0.2,5,3,2000,0.8176,30.6
bloodmnist,bald,0.2,5,4,2500,0.8234,40.9
bloodmnist,bald,0.2,5,5,3000,0.8477,51.9
bloodmnist,coreset,0.2,3,0,500,0.6215,3.6
bloodmnist,coreset,0.2,3,1,1000,0.7246,8.4
bloodmnist,coreset,0.2,3,2,1500,0.8123,13.9
bloodmnist,coreset,0.2,3,3,2000,0.843,20.4
bloodmnist,coreset,0.2,3,4,2500,0.8541,27.6
bloodmnist,coreset,0.2,3,5,3000,0.8629,35.7
bloodmnist,coreset,0.2,4,0,500,0.5285,3.6
bloodmnist,coreset,0.2,4,1,1000,0.748,8.4
bloodmnist,coreset,0.2,4,2,1500,0.7603,14.0
bloodmnist,coreset,0.2,4,3,2000,0.8486,20.4
bloodmnist,coreset,0.2,4,4,2500,0.8734,27.6
bloodmnist,coreset,0.2,4,5,3000,0.8696,35.6
bloodmnist,coreset,0.2,5,0,500,0.6367,3.6
bloodmnist,coreset,0.2,5,1,1000,0.703,8.3
bloodmnist,coreset,0.2,5,2,1500,0.805,13.8
bloodmnist,coreset,0.2,5,3,2000,0.831,20.3
bloodmnist,coreset,0.2,5,4,2500,0.853,27.4
bloodmnist,coreset,0.2,5,5,3000,0.8723,35.4
bloodmnist,iris,0.2,3,0,500,0.6396,3.6
bloodmnist,iris,0.2,3,1,1000,0.6191,8.5
bloodmnist,iris,0.2,3,2,1500,0.8185,14.3
bloodmnist,iris,0.2,3,3,2000,0.817,20.8
bloodmnist,iris,0.2,3,4,2500,0.8582,28.2
bloodmnist,iris,0.2,3,5,3000,0.8769,36.3
bloodmnist,iris,0.2,4,0,500,0.5668,3.6
bloodmnist,iris,0.2,4,1,1000,0.7504,8.5
bloodmnist,iris,0.2,4,2,1500,0.7887,14.2
bloodmnist,iris,0.2,4,3,2000,0.8153,20.8
bloodmnist,iris,0.2,4,4,2500,0.8401,28.2
bloodmnist,iris,0.2,4,5,3000,0.8752,36.3
bloodmnist,iris,0.2,5,0,500,0.6516,3.6
bloodmnist,iris,0.2,5,1,1000,0.684,8.5
bloodmnist,iris,0.2,5,2,1500,0.8164,14.3
bloodmnist,iris,0.2,5,3,2000,0.8328,20.8
bloodmnist,iris,0.2,5,4,2500,0.8673,28.2
bloodmnist,iris,0.2,5,5,3000,0.8892,36.4
bloodmnist,iris-norel,0.2,3,0,500,0.6215,3.6
bloodmnist,iris-norel,0.2,3,1,1000,0.6682,8.5
bloodmnist,iris-norel,0.2,3,2,1500,0.8006,14.2
bloodmnist,iris-norel,0.2,3,3,2000,0.8354,20.8
bloodmnist,iris-norel,0.2,3,4,2500,0.8343,28.2
bloodmnist,iris-norel,0.2,3,5,3000,0.8696,36.3
bloodmnist,iris-norel,0.2,4,0,500,0.5285,3.6
bloodmnist,iris-norel,0.2,4,1,1000,0.7676,8.5
bloodmnist,iris-norel,0.2,4,2,1500,0.7632,14.3
bloodmnist,iris-norel,0.2,4,3,2000,0.8316,20.9
bloodmnist,iris-norel,0.2,4,4,2500,0.8498,28.3
bloodmnist,iris-norel,0.2,4,5,3000,0.8641,36.5
bloodmnist,iris-norel,0.2,5,0,500,0.6367,3.6
bloodmnist,iris-norel,0.2,5,1,1000,0.5744,8.5
bloodmnist,iris-norel,0.2,5,2,1500,0.8112,14.3
bloodmnist,iris-norel,0.2,5,3,2000,0.831,20.8
bloodmnist,iris-norel,0.2,5,4,2500,0.865,28.3
bloodmnist,iris-norel,0.2,5,5,3000,0.8851,36.4
bloodmnist,random,0.0,4,0,500,0.6811,3.5
bloodmnist,random,0.0,4,1,1000,0.8153,7.3
bloodmnist,random,0.0,4,2,1500,0.8462,12.0
bloodmnist,random,0.0,4,3,2000,0.8652,17.5
bloodmnist,random,0.0,4,4,2500,0.8796,23.8
bloodmnist,random,0.0,4,5,3000,0.8837,37.7
bloodmnist,entropy,0.0,0,0,500,0.7702,3.2
bloodmnist,entropy,0.0,0,1,1000,0.8018,7.5
bloodmnist,entropy,0.0,0,2,1500,0.8185,12.6
bloodmnist,entropy,0.0,0,3,2000,0.8299,18.5
bloodmnist,entropy,0.0,0,4,2500,0.8910,25.2
bloodmnist,entropy,0.0,0,5,3000,0.9106,32.7
cifar10,iris-nodiv,0.0,0,0,1000,0.4308,12.4
cifar10,iris-nodiv,0.0,0,1,2000,0.4950,27.3
cifar10,iris-nodiv,0.0,0,2,3000,0.5426,44.8
cifar10,iris-nodiv,0.0,0,3,4000,0.5876,68.2
cifar10,iris-nodiv,0.0,0,4,5000,0.6674,102.3
cifar10,iris-nodiv,0.0,0,5,6000,0.6973,146.7
cifar10,iris-nodiv,0.0,1,0,1000,0.4441,7.6
cifar10,iris-nodiv,0.0,1,1,2000,0.5139,20.3
cifar10,iris-nodiv,0.0,1,2,3000,0.5328,36.1
cifar10,iris-nodiv,0.0,1,3,4000,0.5885,55.1
cifar10,iris-nodiv,0.0,1,4,5000,0.5637,77.0
cifar10,iris-nodiv,0.0,1,5,6000,0.7148,102.3
cifar10,iris-nodiv,0.0,2,0,1000,0.4423,7.4
cifar10,iris-nodiv,0.0,2,1,2000,0.4940,19.7
cifar10,iris-nodiv,0.0,2,2,3000,0.5790,35.4
cifar10,iris-nodiv,0.0,2,3,4000,0.5579,54.4
cifar10,iris-nodiv,0.0,2,4,5000,0.6930,76.3
cifar10,iris-nodiv,0.0,2,5,6000,0.6410,101.6
cifar10,iris-norel,0.2,0,0,1000,0.3913,7.4
cifar10,iris-norel,0.2,0,1,2000,0.4518,20.1
cifar10,iris-norel,0.2,0,2,3000,0.4765,36.1
cifar10,iris-norel,0.2,0,3,4000,0.5550,55.7
cifar10,iris-norel,0.2,0,4,5000,0.5958,78.2
cifar10,iris-norel,0.2,0,5,6000,0.6195,104.1
cifar10,iris-norel,0.2,1,0,1000,0.4016,7.6
cifar10,iris-norel,0.2,1,1,2000,0.4692,20.3
cifar10,iris-norel,0.2,1,2,3000,0.4777,36.3
cifar10,iris-norel,0.2,1,3,4000,0.4660,55.8
cifar10,iris-norel,0.2,1,4,5000,0.5994,78.2
cifar10,iris-norel,0.2,1,5,6000,0.6168,104.1
cifar10,iris-norel,0.2,2,0,1000,0.3769,7.6
cifar10,iris-norel,0.2,2,1,2000,0.4328,23.3
cifar10,iris-norel,0.2,2,2,3000,0.4911,39.7
cifar10,iris-norel,0.2,2,3,4000,0.5338,59.2
cifar10,iris-norel,0.2,2,4,5000,0.5795,81.7
cifar10,iris-norel,0.2,2,5,6000,0.6264,107.5
fmnist,learnloss,0.0,0,0,500,0.7507,3.5
fmnist,learnloss,0.0,0,1,1000,0.7946,9.5
fmnist,learnloss,0.0,0,2,1500,0.8253,16.2
fmnist,learnloss,0.0,0,3,2000,0.8327,23.6
fmnist,learnloss,0.0,0,4,2500,0.8548,31.7
fmnist,learnloss,0.0,0,5,3000,0.8709,40.5
fmnist,learnloss,0.0,1,0,500,0.7532,3.2
fmnist,learnloss,0.0,1,1,1000,0.8022,9.1
fmnist,learnloss,0.0,1,2,1500,0.8168,15.8
fmnist,learnloss,0.0,1,3,2000,0.8314,23.3
fmnist,learnloss,0.0,1,4,2500,0.8390,31.4
fmnist,learnloss,0.0,1,5,3000,0.8423,40.2
fmnist,learnloss,0.0,2,0,500,0.7511,3.2
fmnist,learnloss,0.0,2,1,1000,0.7991,9.2
fmnist,learnloss,0.0,2,2,1500,0.8295,16.0
fmnist,learnloss,0.0,2,3,2000,0.8389,23.5
fmnist,learnloss,0.0,2,4,2500,0.8473,31.6
fmnist,learnloss,0.0,2,5,3000,0.8676,40.4
fmnist,badge,0.0,0,0,500,0.7431,3.2
fmnist,badge,0.0,0,1,1000,0.8258,9.4
fmnist,badge,0.0,0,2,1500,0.8535,16.5
fmnist,badge,0.0,0,3,2000,0.8777,24.3
fmnist,badge,0.0,0,4,2500,0.8801,32.8
fmnist,badge,0.0,0,5,3000,0.8901,41.9
fmnist,badge,0.0,1,0,500,0.7543,3.4
fmnist,badge,0.0,1,1,1000,0.8101,9.7
fmnist,badge,0.0,1,2,1500,0.8482,16.8
fmnist,badge,0.0,1,3,2000,0.8671,24.6
fmnist,badge,0.0,1,4,2500,0.8853,33.0
fmnist,badge,0.0,1,5,3000,0.8841,42.1
fmnist,badge,0.0,2,0,500,0.7491,3.3
fmnist,badge,0.0,2,1,1000,0.8298,9.6
fmnist,badge,0.0,2,2,1500,0.8518,16.6
fmnist,badge,0.0,2,3,2000,0.8623,24.4
fmnist,badge,0.0,2,4,2500,0.8787,33.0
fmnist,badge,0.0,2,5,3000,0.8885,42.1
fmnist,learnloss,0.2,0,0,500,0.7321,3.4
fmnist,learnloss,0.2,0,1,1000,0.7427,9.5
fmnist,learnloss,0.2,0,2,1500,0.7774,16.4
fmnist,learnloss,0.2,0,3,2000,0.7964,24.0
fmnist,learnloss,0.2,0,4,2500,0.8046,32.3
fmnist,learnloss,0.2,0,5,3000,0.8320,41.4
fmnist,learnloss,0.2,1,0,500,0.7136,3.3
fmnist,learnloss,0.2,1,1,1000,0.7518,9.5
fmnist,learnloss,0.2,1,2,1500,0.7612,16.6
fmnist,learnloss,0.2,1,3,2000,0.7818,24.3
fmnist,learnloss,0.2,1,4,2500,0.8107,32.6
fmnist,learnloss,0.2,1,5,3000,0.8282,41.7
fmnist,learnloss,0.2,2,0,500,0.7351,3.4
fmnist,learnloss,0.2,2,1,1000,0.7600,9.5
fmnist,learnloss,0.2,2,2,1500,0.7857,16.4
fmnist,learnloss,0.2,2,3,2000,0.8039,24.0
fmnist,learnloss,0.2,2,4,2500,0.8279,32.3
fmnist,learnloss,0.2,2,5,3000,0.8473,41.2
fmnist,badge,0.2,0,0,500,0.7245,3.3
fmnist,badge,0.2,0,1,1000,0.7808,9.5
fmnist,badge,0.2,0,2,1500,0.8066,16.5
fmnist,badge,0.2,0,3,2000,0.8397,24.3
fmnist,badge,0.2,0,4,2500,0.8597,32.7
fmnist,badge,0.2,0,5,3000,0.8686,41.8
fmnist,badge,0.2,1,0,500,0.7266,3.2
fmnist,badge,0.2,1,1,1000,0.7873,9.5
fmnist,badge,0.2,1,2,1500,0.8095,16.6
fmnist,badge,0.2,1,3,2000,0.8285,24.4
fmnist,badge,0.2,1,4,2500,0.8551,32.8
fmnist,badge,0.2,1,5,3000,0.8670,42.1
fmnist,badge,0.2,2,0,500,0.7349,3.3
fmnist,badge,0.2,2,1,1000,0.7894,9.6
fmnist,badge,0.2,2,2,1500,0.8197,16.7
fmnist,badge,0.2,2,3,2000,0.8405,24.5
fmnist,badge,0.2,2,4,2500,0.8546,33.0
fmnist,badge,0.2,2,5,3000,0.8670,42.1
cifar10,learnloss,0.0,0,0,1000,0.4255,7.7
cifar10,learnloss,0.0,0,1,2000,0.4446,19.8
cifar10,learnloss,0.0,0,2,3000,0.4980,35.4
cifar10,learnloss,0.0,0,3,4000,0.5381,54.3
cifar10,learnloss,0.0,0,4,5000,0.6157,76.3
cifar10,learnloss,0.0,0,5,6000,0.5646,101.8
cifar10,learnloss,0.0,1,0,1000,0.4420,7.7
cifar10,learnloss,0.0,1,1,2000,0.4893,19.8
cifar10,learnloss,0.0,1,2,3000,0.5374,35.4
cifar10,learnloss,0.0,1,3,4000,0.4478,54.5
cifar10,learnloss,0.0,1,4,5000,0.5689,78.3
cifar10,learnloss,0.0,1,5,6000,0.6680,103.8
cifar10,learnloss,0.0,2,0,1000,0.4304,7.7
cifar10,learnloss,0.0,2,1,2000,0.4988,19.9
cifar10,learnloss,0.0,2,2,3000,0.4641,37.5
cifar10,learnloss,0.0,2,3,4000,0.5150,59.0
cifar10,learnloss,0.0,2,4,5000,0.4378,81.2
cifar10,learnloss,0.0,2,5,6000,0.6668,106.7
cifar10,badge,0.0,0,0,1000,0.4308,7.6
cifar10,badge,0.0,0,1,2000,0.5489,20.2
cifar10,badge,0.0,0,2,3000,0.6133,36.2
cifar10,badge,0.0,0,3,4000,0.6732,55.4
cifar10,badge,0.0,0,4,5000,0.6866,77.6
cifar10,badge,0.0,0,5,6000,0.6940,103.1
cifar10,badge,0.0,1,0,1000,0.4441,7.7
cifar10,badge,0.0,1,1,2000,0.5349,20.3
cifar10,badge,0.0,1,2,3000,0.6360,36.2
cifar10,badge,0.0,1,3,4000,0.6614,55.5
cifar10,badge,0.0,1,4,5000,0.7091,77.7
cifar10,badge,0.0,1,5,6000,0.7439,103.2
cifar10,badge,0.0,2,0,1000,0.4423,7.6
cifar10,badge,0.0,2,1,2000,0.5631,20.2
cifar10,badge,0.0,2,2,3000,0.6131,36.2
cifar10,badge,0.0,2,3,4000,0.6654,55.4
cifar10,badge,0.0,2,4,5000,0.7039,77.6
cifar10,badge,0.0,2,5,6000,0.7672,103.2
cifar10,learnloss,0.2,0,0,1000,0.3939,7.7
cifar10,learnloss,0.2,0,1,2000,0.4056,19.9
cifar10,learnloss,0.2,0,2,3000,0.4595,35.6
cifar10,learnloss,0.2,0,3,4000,0.4801,54.6
cifar10,learnloss,0.2,0,4,5000,0.5291,76.7
cifar10,learnloss,0.2,0,5,6000,0.5909,102.2
cifar10,learnloss,0.2,1,0,1000,0.3620,7.7
cifar10,learnloss,0.2,1,1,2000,0.4160,19.9
cifar10,learnloss,0.2,1,2,3000,0.4988,35.5
cifar10,learnloss,0.2,1,3,4000,0.3775,54.6
cifar10,learnloss,0.2,1,4,5000,0.5213,76.7
cifar10,learnloss,0.2,1,5,6000,0.5273,102.1
cifar10,learnloss,0.2,2,0,1000,0.3877,7.7
cifar10,learnloss,0.2,2,1,2000,0.4115,19.9
cifar10,learnloss,0.2,2,2,3000,0.4177,35.5
cifar10,learnloss,0.2,2,3,4000,0.4621,54.5
cifar10,learnloss,0.2,2,4,5000,0.5292,76.7
cifar10,learnloss,0.2,2,5,6000,0.5008,102.2
cifar10,badge,0.2,0,0,1000,0.3913,7.6
cifar10,badge,0.2,0,1,2000,0.4894,20.3
cifar10,badge,0.2,0,2,3000,0.5313,36.2
cifar10,badge,0.2,0,3,4000,0.5502,55.5
cifar10,badge,0.2,0,4,5000,0.6288,77.7
cifar10,badge,0.2,0,5,6000,0.6492,103.2
cifar10,badge,0.2,1,0,1000,0.4016,7.5
cifar10,badge,0.2,1,1,2000,0.4595,20.2
cifar10,badge,0.2,1,2,3000,0.5272,36.1
cifar10,badge,0.2,1,3,4000,0.5660,55.4
cifar10,badge,0.2,1,4,5000,0.6230,77.6
cifar10,badge,0.2,1,5,6000,0.6333,103.1
cifar10,badge,0.2,2,0,1000,0.3769,7.6
cifar10,badge,0.2,2,1,2000,0.4746,20.3
cifar10,badge,0.2,2,2,3000,0.5433,36.3
cifar10,badge,0.2,2,3,4000,0.5638,55.6
cifar10,badge,0.2,2,4,5000,0.6061,77.8
cifar10,badge,0.2,2,5,6000,0.6121,103.3
bloodmnist,learnloss,0.0,0,0,500,0.6782,3.5
bloodmnist,learnloss,0.0,0,1,1000,0.7059,8.2
bloodmnist,learnloss,0.0,0,2,1500,0.7422,13.7
bloodmnist,learnloss,0.0,0,3,2000,0.8275,20.1
bloodmnist,learnloss,0.0,0,4,2500,0.8120,27.4
bloodmnist,learnloss,0.0,0,5,3000,0.8854,35.5
bloodmnist,learnloss,0.0,1,0,500,0.6741,3.5
bloodmnist,learnloss,0.0,1,1,1000,0.5399,8.2
bloodmnist,learnloss,0.0,1,2,1500,0.7936,13.8
bloodmnist,learnloss,0.0,1,3,2000,0.8346,20.1
bloodmnist,learnloss,0.0,1,4,2500,0.8275,27.2
bloodmnist,learnloss,0.0,1,5,3000,0.8588,35.2
bloodmnist,learnloss,0.0,2,0,500,0.7091,3.5
bloodmnist,learnloss,0.0,2,1,1000,0.5963,8.2
bloodmnist,learnloss,0.0,2,2,1500,0.7784,13.7
bloodmnist,learnloss,0.0,2,3,2000,0.8126,20.0
bloodmnist,learnloss,0.0,2,4,2500,0.8351,27.2
bloodmnist,learnloss,0.0,2,5,3000,0.8538,35.1
bloodmnist,badge,0.0,0,0,500,0.7702,3.5
bloodmnist,badge,0.0,0,1,1000,0.7875,8.1
bloodmnist,badge,0.0,0,2,1500,0.8480,13.7
bloodmnist,badge,0.0,0,3,2000,0.8918,20.1
bloodmnist,badge,0.0,0,4,2500,0.8918,27.3
bloodmnist,badge,0.0,0,5,3000,0.9281,35.4
bloodmnist,badge,0.0,1,0,500,0.6498,3.4
bloodmnist,badge,0.0,1,1,1000,0.8123,8.2
bloodmnist,badge,0.0,1,2,1500,0.8270,13.7
bloodmnist,badge,0.0,1,3,2000,0.8924,20.1
bloodmnist,badge,0.0,1,4,2500,0.9135,27.2
bloodmnist,badge,0.0,1,5,3000,0.9135,35.3
bloodmnist,badge,0.0,2,0,500,0.6831,3.4
bloodmnist,badge,0.0,2,1,1000,0.8115,8.1
bloodmnist,badge,0.0,2,2,1500,0.8565,13.6
bloodmnist,badge,0.0,2,3,2000,0.8825,20.0
bloodmnist,badge,0.0,2,4,2500,0.8977,27.2
bloodmnist,badge,0.0,2,5,3000,0.9345,35.2
bloodmnist,learnloss,0.2,0,0,500,0.7039,3.5
bloodmnist,learnloss,0.2,0,1,1000,0.5744,8.2
bloodmnist,learnloss,0.2,0,2,1500,0.6951,13.6
bloodmnist,learnloss,0.2,0,3,2000,0.7010,20.0
bloodmnist,learnloss,0.2,0,4,2500,0.7720,27.1
bloodmnist,learnloss,0.2,0,5,3000,0.8527,35.1
bloodmnist,learnloss,0.2,1,0,500,0.6577,3.6
bloodmnist,learnloss,0.2,1,1,1000,0.6749,8.2
bloodmnist,learnloss,0.2,1,2,1500,0.6460,13.7
bloodmnist,learnloss,0.2,1,3,2000,0.7723,20.0
bloodmnist,learnloss,0.2,1,4,2500,0.7913,27.2
bloodmnist,learnloss,0.2,1,5,3000,0.7901,35.2
bloodmnist,learnloss,0.2,2,0,500,0.6022,3.5
bloodmnist,learnloss,0.2,2,1,1000,0.6723,8.0
bloodmnist,learnloss,0.2,2,2,1500,0.6331,13.5
bloodmnist,learnloss,0.2,2,3,2000,0.7486,19.8
bloodmnist,learnloss,0.2,2,4,2500,0.7723,26.9
bloodmnist,learnloss,0.2,2,5,3000,0.7971,34.9
bloodmnist,badge,0.2,0,0,500,0.7270,3.5
bloodmnist,badge,0.2,0,1,1000,0.7720,8.2
bloodmnist,badge,0.2,0,2,1500,0.8366,13.8
bloodmnist,badge,0.2,0,3,2000,0.8460,20.1
bloodmnist,badge,0.2,0,4,2500,0.8693,27.4
bloodmnist,badge,0.2,0,5,3000,0.8945,35.4
bloodmnist,badge,0.2,1,0,500,0.5574,3.5
bloodmnist,badge,0.2,1,1,1000,0.7635,8.1
bloodmnist,badge,0.2,1,2,1500,0.7746,13.6
bloodmnist,badge,0.2,1,3,2000,0.8609,20.0
bloodmnist,badge,0.2,1,4,2500,0.8685,27.1
bloodmnist,badge,0.2,1,5,3000,0.8728,35.2
bloodmnist,badge,0.2,2,0,500,0.6121,3.5
bloodmnist,badge,0.2,2,1,1000,0.7708,8.1
bloodmnist,badge,0.2,2,2,1500,0.7892,13.7
bloodmnist,badge,0.2,2,3,2000,0.8559,20.0
bloodmnist,badge,0.2,2,4,2500,0.8796,27.2
bloodmnist,badge,0.2,2,5,3000,0.8842,35.3
fmnist,learnloss,0.0,3,0,500,0.7466,3.5
fmnist,learnloss,0.0,3,1,1000,0.7856,9.3
fmnist,learnloss,0.0,3,2,1500,0.8203,16.1
fmnist,learnloss,0.0,3,3,2000,0.8319,23.4
fmnist,learnloss,0.0,3,4,2500,0.8468,31.3
fmnist,learnloss,0.0,3,5,3000,0.8617,39.9
fmnist,learnloss,0.0,4,0,500,0.7382,3.2
fmnist,learnloss,0.0,4,1,1000,0.7912,9.0
fmnist,learnloss,0.0,4,2,1500,0.8156,15.5
fmnist,learnloss,0.0,4,3,2000,0.8471,22.8
fmnist,learnloss,0.0,4,4,2500,0.8477,30.6
fmnist,learnloss,0.0,4,5,3000,0.8553,39.2
fmnist,learnloss,0.0,5,0,500,0.7214,3.2
fmnist,learnloss,0.0,5,1,1000,0.7859,9.0
fmnist,learnloss,0.0,5,2,1500,0.8254,15.7
fmnist,learnloss,0.0,5,3,2000,0.8302,23.0
fmnist,learnloss,0.0,5,4,2500,0.8573,30.8
fmnist,learnloss,0.0,5,5,3000,0.8641,39.6
fmnist,badge,0.0,3,0,500,0.7381,3.2
fmnist,badge,0.0,3,1,1000,0.8198,9.3
fmnist,badge,0.0,3,2,1500,0.8554,16.3
fmnist,badge,0.0,3,3,2000,0.8765,24.1
fmnist,badge,0.0,3,4,2500,0.8814,32.5
fmnist,badge,0.0,3,5,3000,0.8892,41.4
fmnist,badge,0.0,4,0,500,0.7271,3.3
fmnist,badge,0.0,4,1,1000,0.8093,9.5
fmnist,badge,0.0,4,2,1500,0.8507,16.3
fmnist,badge,0.0,4,3,2000,0.8842,23.9
fmnist,badge,0.0,4,4,2500,0.8889,32.2
fmnist,badge,0.0,4,5,3000,0.8910,41.2
fmnist,badge,0.0,5,0,500,0.7223,3.3
fmnist,badge,0.0,5,1,1000,0.8099,9.5
fmnist,badge,0.0,5,2,1500,0.8525,16.5
fmnist,badge,0.0,5,3,2000,0.8693,24.1
fmnist,badge,0.0,5,4,2500,0.8800,32.3
fmnist,badge,0.0,5,5,3000,0.8892,41.3
fmnist,learnloss,0.2,3,0,500,0.7225,3.4
fmnist,learnloss,0.2,3,1,1000,0.7409,9.4
fmnist,learnloss,0.2,3,2,1500,0.7575,16.2
fmnist,learnloss,0.2,3,3,2000,0.7931,23.7
fmnist,learnloss,0.2,3,4,2500,0.8201,31.7
fmnist,learnloss,0.2,3,5,3000,0.8444,40.5
fmnist,learnloss,0.2,4,0,500,0.7132,3.3
fmnist,learnloss,0.2,4,1,1000,0.7465,9.4
fmnist,learnloss,0.2,4,2,1500,0.7576,16.2
fmnist,learnloss,0.2,4,3,2000,0.7813,23.8
fmnist,learnloss,0.2,4,4,2500,0.8014,31.8
fmnist,learnloss,0.2,4,5,3000,0.8212,40.6
fmnist,learnloss,0.2,5,0,500,0.6964,3.3
fmnist,learnloss,0.2,5,1,1000,0.7410,9.4
fmnist,learnloss,0.2,5,2,1500,0.7562,16.0
fmnist,learnloss,0.2,5,3,2000,0.7887,23.5
fmnist,learnloss,0.2,5,4,2500,0.7948,31.6
fmnist,learnloss,0.2,5,5,3000,0.8231,40.5
fmnist,badge,0.2,3,0,500,0.7209,3.3
fmnist,badge,0.2,3,1,1000,0.7849,9.6
fmnist,badge,0.2,3,2,1500,0.8134,16.5
fmnist,badge,0.2,3,3,2000,0.8352,24.2
fmnist,badge,0.2,3,4,2500,0.8585,32.4
fmnist,badge,0.2,3,5,3000,0.8678,41.3
fmnist,badge,0.2,4,0,500,0.7188,3.3
fmnist,badge,0.2,4,1,1000,0.7831,9.5
fmnist,badge,0.2,4,2,1500,0.8134,16.5
fmnist,badge,0.2,4,3,2000,0.8498,24.2
fmnist,badge,0.2,4,4,2500,0.8547,32.4
fmnist,badge,0.2,4,5,3000,0.8595,41.4
fmnist,badge,0.2,5,0,500,0.6920,3.3
fmnist,badge,0.2,5,1,1000,0.7802,9.6
fmnist,badge,0.2,5,2,1500,0.8139,16.5
fmnist,badge,0.2,5,3,2000,0.8443,24.2
fmnist,badge,0.2,5,4,2500,0.8573,32.5
fmnist,badge,0.2,5,5,3000,0.8657,41.4
bloodmnist,learnloss,0.0,3,0,500,0.6805,3.4
bloodmnist,learnloss,0.0,3,1,1000,0.6147,7.9
bloodmnist,learnloss,0.0,3,2,1500,0.7778,13.1
bloodmnist,learnloss,0.0,3,3,2000,0.6934,19.3
bloodmnist,learnloss,0.0,3,4,2500,0.8015,26.1
bloodmnist,learnloss,0.0,3,5,3000,0.8880,33.7
bloodmnist,learnloss,0.0,4,0,500,0.5595,3.4
bloodmnist,learnloss,0.0,4,1,1000,0.6644,7.8
bloodmnist,learnloss,0.0,4,2,1500,0.7606,13.2
bloodmnist,learnloss,0.0,4,3,2000,0.6951,19.3
bloodmnist,learnloss,0.0,4,4,2500,0.8661,26.2
bloodmnist,learnloss,0.0,4,5,3000,0.9000,33.9
bloodmnist,learnloss,0.0,5,0,500,0.6866,3.4
bloodmnist,learnloss,0.0,5,1,1000,0.6609,7.9
bloodmnist,learnloss,0.0,5,2,1500,0.7343,13.1
bloodmnist,learnloss,0.0,5,3,2000,0.8372,19.2
bloodmnist,learnloss,0.0,5,4,2500,0.8620,26.0
bloodmnist,learnloss,0.0,5,5,3000,0.9030,33.7
bloodmnist,badge,0.0,3,0,500,0.6849,3.4
bloodmnist,badge,0.0,3,1,1000,0.8091,7.9
bloodmnist,badge,0.0,3,2,1500,0.8591,13.2
bloodmnist,badge,0.0,3,3,2000,0.8796,19.5
bloodmnist,badge,0.0,3,4,2500,0.9144,26.3
bloodmnist,badge,0.0,3,5,3000,0.9085,34.1
bloodmnist,badge,0.0,4,0,500,0.6811,3.4
bloodmnist,badge,0.0,4,1,1000,0.8217,7.9
bloodmnist,badge,0.0,4,2,1500,0.8375,13.2
bloodmnist,badge,0.0,4,3,2000,0.8799,19.3
bloodmnist,badge,0.0,4,4,2500,0.8913,26.2
bloodmnist,badge,0.0,4,5,3000,0.9176,34.0
bloodmnist,badge,0.0,5,0,500,0.6945,3.4
bloodmnist,badge,0.0,5,1,1000,0.8220,7.9
bloodmnist,badge,0.0,5,2,1500,0.8737,13.2
bloodmnist,badge,0.0,5,3,2000,0.8720,19.3
bloodmnist,badge,0.0,5,4,2500,0.9094,26.3
bloodmnist,badge,0.0,5,5,3000,0.9301,34.0
bloodmnist,learnloss,0.2,3,0,500,0.5317,3.4
bloodmnist,learnloss,0.2,3,1,1000,0.6258,7.8
bloodmnist,learnloss,0.2,3,2,1500,0.6793,13.0
bloodmnist,learnloss,0.2,3,3,2000,0.6533,19.1
bloodmnist,learnloss,0.2,3,4,2500,0.7322,25.9
bloodmnist,learnloss,0.2,3,5,3000,0.8141,33.5
bloodmnist,learnloss,0.2,4,0,500,0.5630,3.4
bloodmnist,learnloss,0.2,4,1,1000,0.7086,7.8
bloodmnist,learnloss,0.2,4,2,1500,0.7074,13.1
bloodmnist,learnloss,0.2,4,3,2000,0.7819,19.2
bloodmnist,learnloss,0.2,4,4,2500,0.7208,26.1
bloodmnist,learnloss,0.2,4,5,3000,0.7746,33.8
bloodmnist,learnloss,0.2,5,0,500,0.6358,3.5
bloodmnist,learnloss,0.2,5,1,1000,0.5729,8.0
bloodmnist,learnloss,0.2,5,2,1500,0.7966,13.2
bloodmnist,learnloss,0.2,5,3,2000,0.7404,19.3
bloodmnist,learnloss,0.2,5,4,2500,0.7901,26.1
bloodmnist,learnloss,0.2,5,5,3000,0.8033,33.8
bloodmnist,badge,0.2,3,0,500,0.6215,3.3
bloodmnist,badge,0.2,3,1,1000,0.7787,7.8
bloodmnist,badge,0.2,3,2,1500,0.8275,13.2
bloodmnist,badge,0.2,3,3,2000,0.8468,19.3
bloodmnist,badge,0.2,3,4,2500,0.8699,26.2
bloodmnist,badge,0.2,3,5,3000,0.8863,34.0
bloodmnist,badge,0.2,4,0,500,0.5285,3.3
bloodmnist,badge,0.2,4,1,1000,0.7229,7.8
bloodmnist,badge,0.2,4,2,1500,0.8085,13.1
bloodmnist,badge,0.2,4,3,2000,0.8462,19.2
bloodmnist,badge,0.2,4,4,2500,0.8705,26.1
bloodmnist,badge,0.2,4,5,3000,0.8889,33.8
bloodmnist,badge,0.2,5,0,500,0.6367,3.4
bloodmnist,badge,0.2,5,1,1000,0.7574,7.8
bloodmnist,badge,0.2,5,2,1500,0.8351,13.2
bloodmnist,badge,0.2,5,3,2000,0.8448,19.3
bloodmnist,badge,0.2,5,4,2500,0.8796,26.3
bloodmnist,badge,0.2,5,5,3000,0.8787,34.8
fmnist,iris-grad,0.0,0,0,500,0.7431,2.7
fmnist,iris-grad,0.0,0,1,1000,0.8031,9.6
fmnist,iris-grad,0.0,0,2,1500,0.8300,16.3
fmnist,iris-grad,0.0,0,3,2000,0.8590,23.7
fmnist,iris-grad,0.0,0,4,2500,0.8687,31.8
fmnist,iris-grad,0.0,0,5,3000,0.8795,40.8
fmnist,iris-grad,0.0,1,0,500,0.7543,2.7
fmnist,iris-grad,0.0,1,0,500,0.7543,3.3
fmnist,iris-grad,0.0,1,1,1000,0.8037,9.6
fmnist,iris-grad,0.0,1,2,1500,0.8482,16.0
fmnist,iris-grad,0.0,1,3,2000,0.8465,23.2
fmnist,iris-grad,0.0,1,4,2500,0.8692,31.0
fmnist,iris-grad,0.0,1,5,3000,0.8719,39.5
fmnist,iris-grad,0.0,2,0,500,0.7491,2.6
fmnist,iris-grad,0.0,2,1,1000,0.7917,8.4
fmnist,iris-grad,0.0,2,2,1500,0.8033,14.9
fmnist,iris-grad,0.0,2,3,2000,0.8338,22.2
fmnist,iris-grad,0.0,2,4,2500,0.8526,30.1
fmnist,iris-grad,0.0,2,5,3000,0.8667,38.6
fmnist,iris-grad,0.2,0,0,500,0.7100,2.8
fmnist,iris-grad,0.2,0,1,1000,0.7675,8.7
fmnist,iris-grad,0.2,0,2,1500,0.7997,15.3
fmnist,iris-grad,0.2,0,3,2000,0.8374,22.5
fmnist,iris-grad,0.2,0,4,2500,0.8540,30.4
fmnist,iris-grad,0.2,0,5,3000,0.8570,39.0
fmnist,iris-grad,0.2,1,0,500,0.7338,2.7
fmnist,iris-grad,0.2,1,1,1000,0.7832,8.6
fmnist,iris-grad,0.2,1,2,1500,0.8016,15.2
fmnist,iris-grad,0.2,1,3,2000,0.8139,22.5
fmnist,iris-grad,0.2,1,4,2500,0.8307,30.5
fmnist,iris-grad,0.2,1,5,3000,0.8431,39.1
fmnist,iris-grad,0.2,2,0,500,0.7363,2.8
fmnist,iris-grad,0.2,2,1,1000,0.7664,8.7
fmnist,iris-grad,0.2,2,2,1500,0.7966,15.3
fmnist,iris-grad,0.2,2,3,2000,0.8172,22.7
fmnist,iris-grad,0.2,2,4,2500,0.8450,30.7
fmnist,iris-grad,0.2,2,5,3000,0.8488,39.3
cifar10,iris-grad,0.0,0,0,1000,0.4308,7.7
cifar10,iris-grad,0.0,0,1,2000,0.5355,20.3
cifar10,iris-grad,0.0,0,2,3000,0.5199,36.2
cifar10,iris-grad,0.0,0,3,4000,0.5938,55.4
cifar10,iris-grad,0.0,0,4,5000,0.6473,77.8
cifar10,iris-grad,0.0,0,5,6000,0.7331,103.4
cifar10,iris-grad,0.0,1,0,1000,0.4441,7.1
cifar10,iris-grad,0.0,1,1,2000,0.5150,19.7
cifar10,iris-grad,0.0,1,2,3000,0.5787,35.6
cifar10,iris-grad,0.0,1,3,4000,0.6451,54.8
cifar10,iris-grad,0.0,1,4,5000,0.6888,77.0
cifar10,iris-grad,0.0,1,5,6000,0.7419,102.6
cifar10,iris-grad,0.0,2,0,1000,0.4423,7.1
cifar10,iris-grad,0.0,2,1,2000,0.4814,19.6
cifar10,iris-grad,0.0,2,2,3000,0.6026,35.6
cifar10,iris-grad,0.0,2,3,4000,0.6026,54.8
cifar10,iris-grad,0.0,2,4,5000,0.6319,77.1
cifar10,iris-grad,0.0,2,5,6000,0.6646,102.8
cifar10,iris-grad,0.2,0,0,1000,0.4004,7.2
cifar10,iris-grad,0.2,0,1,2000,0.4730,19.8
cifar10,iris-grad,0.2,0,2,3000,0.4903,35.8
cifar10,iris-grad,0.2,0,3,4000,0.5305,55.1
cifar10,iris-grad,0.2,0,4,5000,0.5524,77.5
cifar10,iris-grad,0.2,0,5,6000,0.5747,103.2
cifar10,iris-grad,0.2,1,0,1000,0.3963,7.2
cifar10,iris-grad,0.2,1,1,2000,0.4556,19.7
cifar10,iris-grad,0.2,1,2,3000,0.5093,35.7
cifar10,iris-grad,0.2,1,3,4000,0.4985,55.0
cifar10,iris-grad,0.2,1,4,5000,0.5499,77.3
cifar10,iris-grad,0.2,1,5,6000,0.5987,103.0
cifar10,iris-grad,0.2,2,0,1000,0.3773,7.2
cifar10,iris-grad,0.2,2,1,2000,0.4323,19.7
cifar10,iris-grad,0.2,2,2,3000,0.4922,35.7
cifar10,iris-grad,0.2,2,3,4000,0.5545,55.0
cifar10,iris-grad,0.2,2,4,5000,0.5810,77.5
cifar10,iris-grad,0.2,2,5,6000,0.6161,103.3
bloodmnist,iris-grad,0.0,0,0,500,0.7702,3.2
bloodmnist,iris-grad,0.0,0,1,1000,0.7100,7.9
bloodmnist,iris-grad,0.0,0,2,1500,0.7255,13.3
bloodmnist,iris-grad,0.0,0,3,2000,0.8772,19.7
bloodmnist,iris-grad,0.0,0,4,2500,0.8845,26.7
bloodmnist,iris-grad,0.0,0,5,3000,0.8927,34.6
bloodmnist,iris-grad,0.0,1,0,500,0.6498,3.2
bloodmnist,iris-grad,0.0,1,1,1000,0.6673,7.8
bloodmnist,iris-grad,0.0,1,2,1500,0.8138,13.2
bloodmnist,iris-grad,0.0,1,3,2000,0.8968,19.4
bloodmnist,iris-grad,0.0,1,4,2500,0.8866,26.5
bloodmnist,iris-grad,0.0,1,5,3000,0.9106,34.3
bloodmnist,iris-grad,0.0,2,0,500,0.6831,3.1
bloodmnist,iris-grad,0.0,2,1,1000,0.7422,7.7
bloodmnist,iris-grad,0.0,2,2,1500,0.7109,13.1
bloodmnist,iris-grad,0.0,2,3,2000,0.8688,19.4
bloodmnist,iris-grad,0.0,2,4,2500,0.8924,26.4
bloodmnist,iris-grad,0.0,2,5,3000,0.9100,34.2
bloodmnist,iris-grad,0.2,0,0,500,0.7135,3.1
bloodmnist,iris-grad,0.2,0,1,1000,0.6945,7.7
bloodmnist,iris-grad,0.2,0,2,1500,0.7708,13.1
bloodmnist,iris-grad,0.2,0,3,2000,0.8147,19.3
bloodmnist,iris-grad,0.2,0,4,2500,0.8480,26.4
bloodmnist,iris-grad,0.2,0,5,3000,0.8927,34.2
bloodmnist,iris-grad,0.2,1,0,500,0.5434,3.1
bloodmnist,iris-grad,0.2,1,1,1000,0.7849,7.7
bloodmnist,iris-grad,0.2,1,2,1500,0.7618,13.1
bloodmnist,iris-grad,0.2,1,3,2000,0.8500,19.4
bloodmnist,iris-grad,0.2,1,4,2500,0.8620,26.5
bloodmnist,iris-grad,0.2,1,5,3000,0.8644,34.3
bloodmnist,iris-grad,0.2,2,0,500,0.5659,3.2
bloodmnist,iris-grad,0.2,2,1,1000,0.7252,7.8
bloodmnist,iris-grad,0.2,2,2,1500,0.8232,13.3
bloodmnist,iris-grad,0.2,2,3,2000,0.8150,19.6
bloodmnist,iris-grad,0.2,2,4,2500,0.8688,26.6
bloodmnist,iris-grad,0.2,2,5,3000,0.8878,34.6
fmnist,iris-grad,0.0,3,0,500,0.7381,3.0
fmnist,iris-grad,0.0,3,1,1000,0.7715,9.5
fmnist,iris-grad,0.0,3,2,1500,0.8192,16.7
fmnist,iris-grad,0.0,3,3,2000,0.8508,24.4
fmnist,iris-grad,0.0,3,4,2500,0.8596,32.6
fmnist,iris-grad,0.0,3,5,3000,0.8769,41.5
fmnist,iris-grad,0.0,4,0,500,0.7271,3.0
fmnist,iris-grad,0.0,4,1,1000,0.7902,9.3
fmnist,iris-grad,0.0,4,2,1500,0.8318,16.2
fmnist,iris-grad,0.0,4,3,2000,0.8584,23.9
fmnist,iris-grad,0.0,4,4,2500,0.8694,32.3
fmnist,iris-grad,0.0,4,5,3000,0.8798,41.3
fmnist,iris-grad,0.0,5,0,500,0.7223,3.0
fmnist,iris-grad,0.0,5,1,1000,0.7874,9.4
fmnist,iris-grad,0.0,5,2,1500,0.8176,16.4
fmnist,iris-grad,0.0,5,3,2000,0.8504,24.1
fmnist,iris-grad,0.0,5,4,2500,0.8624,32.5
fmnist,iris-grad,0.0,5,5,3000,0.8695,41.6
fmnist,iris-grad,0.2,3,0,500,0.7358,3.1
fmnist,iris-grad,0.2,3,1,1000,0.7585,9.3
fmnist,iris-grad,0.2,3,2,1500,0.7892,16.3
fmnist,iris-grad,0.2,3,3,2000,0.8282,24.1
fmnist,iris-grad,0.2,3,4,2500,0.8325,32.4
fmnist,iris-grad,0.2,3,5,3000,0.8636,41.4
fmnist,iris-grad,0.2,4,0,500,0.7201,3.1
fmnist,iris-grad,0.2,4,1,1000,0.7675,9.4
fmnist,iris-grad,0.2,4,2,1500,0.8090,16.9
fmnist,iris-grad,0.2,4,3,2000,0.8281,24.9
fmnist,iris-grad,0.2,4,4,2500,0.8449,33.3
fmnist,iris-grad,0.2,4,5,3000,0.8505,42.5
fmnist,iris-grad,0.2,5,0,500,0.6998,3.1
fmnist,iris-grad,0.2,5,1,1000,0.7696,9.4
fmnist,iris-grad,0.2,5,2,1500,0.8061,16.4
fmnist,iris-grad,0.2,5,3,2000,0.8044,24.1
fmnist,iris-grad,0.2,5,4,2500,0.8067,32.4
fmnist,iris-grad,0.2,5,5,3000,0.8340,41.4
bloodmnist,iris-grad,0.0,3,0,500,0.6849,3.2
bloodmnist,iris-grad,0.0,3,1,1000,0.6460,7.8
bloodmnist,iris-grad,0.0,3,2,1500,0.7863,13.2
bloodmnist,iris-grad,0.0,3,3,2000,0.8185,19.4
bloodmnist,iris-grad,0.0,3,4,2500,0.8930,26.4
bloodmnist,iris-grad,0.0,3,5,3000,0.8956,34.2
bloodmnist,iris-grad,0.0,4,0,500,0.6811,3.2
bloodmnist,iris-grad,0.0,4,1,1000,0.6618,7.8
bloodmnist,iris-grad,0.0,4,2,1500,0.8188,13.3
bloodmnist,iris-grad,0.0,4,3,2000,0.8799,19.6
bloodmnist,iris-grad,0.0,4,4,2500,0.8916,26.7
bloodmnist,iris-grad,0.0,4,5,3000,0.9062,34.6
bloodmnist,iris-grad,0.0,5,0,500,0.6945,3.1
bloodmnist,iris-grad,0.0,5,1,1000,0.5878,7.7
bloodmnist,iris-grad,0.0,5,2,1500,0.8404,13.1
bloodmnist,iris-grad,0.0,5,3,2000,0.8769,19.4
bloodmnist,iris-grad,0.0,5,4,2500,0.9065,26.5
bloodmnist,iris-grad,0.0,5,5,3000,0.9214,34.3
bloodmnist,iris-grad,0.2,3,0,500,0.6396,3.2
bloodmnist,iris-grad,0.2,3,1,1000,0.5797,7.8
bloodmnist,iris-grad,0.2,3,2,1500,0.8275,13.2
bloodmnist,iris-grad,0.2,3,3,2000,0.7983,19.5
bloodmnist,iris-grad,0.2,3,4,2500,0.8442,26.5
bloodmnist,iris-grad,0.2,3,5,3000,0.8717,34.4
bloodmnist,iris-grad,0.2,4,0,500,0.5668,3.2
bloodmnist,iris-grad,0.2,4,1,1000,0.7232,7.8
bloodmnist,iris-grad,0.2,4,2,1500,0.7977,13.2
bloodmnist,iris-grad,0.2,4,3,2000,0.8302,19.5
bloodmnist,iris-grad,0.2,4,4,2500,0.8360,26.5
bloodmnist,iris-grad,0.2,4,5,3000,0.8673,34.3
bloodmnist,iris-grad,0.2,5,0,500,0.6516,3.2
bloodmnist,iris-grad,0.2,5,1,1000,0.6881,7.7
bloodmnist,iris-grad,0.2,5,2,1500,0.8109,13.1
bloodmnist,iris-grad,0.2,5,3,2000,0.8480,19.3
bloodmnist,iris-grad,0.2,5,4,2500,0.8220,26.4
bloodmnist,iris-grad,0.2,5,5,3000,0.9050,34.2
fmnist,badge-rel,0.2,0,0,500,0.7100,3.0
fmnist,badge-rel,0.2,0,1,1000,0.7963,8.6
fmnist,badge-rel,0.2,0,2,1500,0.8376,15.0
fmnist,badge-rel,0.2,0,3,2000,0.8526,22.0
fmnist,badge-rel,0.2,0,4,2500,0.8622,29.8
fmnist,badge-rel,0.2,0,5,3000,0.8792,38.1
fmnist,badge-rel,0.2,1,0,500,0.7338,2.9
fmnist,badge-rel,0.2,1,1,1000,0.7894,8.6
fmnist,badge-rel,0.2,1,2,1500,0.8301,15.0
fmnist,badge-rel,0.2,1,3,2000,0.8464,22.1
fmnist,badge-rel,0.2,1,4,2500,0.8632,29.9
fmnist,badge-rel,0.2,1,5,3000,0.8701,38.3
fmnist,badge-rel,0.2,2,0,500,0.7363,2.9
fmnist,badge-rel,0.2,2,1,1000,0.8040,8.7
fmnist,badge-rel,0.2,2,2,1500,0.8312,15.0
fmnist,badge-rel,0.2,2,3,2000,0.8550,22.1
fmnist,badge-rel,0.2,2,4,2500,0.8648,29.8
fmnist,badge-rel,0.2,2,5,3000,0.8722,38.1
cifar10,badge-rel,0.2,0,0,1000,0.4004,7.2
cifar10,badge-rel,0.2,0,1,2000,0.4928,19.5
cifar10,badge-rel,0.2,0,2,3000,0.5277,34.9
cifar10,badge-rel,0.2,0,3,4000,0.5975,53.8
cifar10,badge-rel,0.2,0,4,5000,0.6197,75.6
cifar10,badge-rel,0.2,0,5,6000,0.6296,100.8
cifar10,badge-rel,0.2,1,0,1000,0.3963,7.3
cifar10,badge-rel,0.2,1,1,2000,0.4840,19.6
cifar10,badge-rel,0.2,1,2,3000,0.5468,35.1
cifar10,badge-rel,0.2,1,3,4000,0.5517,54.0
cifar10,badge-rel,0.2,1,4,5000,0.6370,75.8
cifar10,badge-rel,0.2,1,5,6000,0.6554,101.0
cifar10,badge-rel,0.2,2,0,1000,0.3773,7.2
cifar10,badge-rel,0.2,2,1,2000,0.4867,19.5
cifar10,badge-rel,0.2,2,2,3000,0.5350,35.0
cifar10,badge-rel,0.2,2,3,4000,0.5612,53.9
cifar10,badge-rel,0.2,2,4,5000,0.6223,75.8
cifar10,badge-rel,0.2,2,5,6000,0.6527,100.9
bloodmnist,badge-rel,0.2,0,0,500,0.7135,3.3
bloodmnist,badge-rel,0.2,0,1,1000,0.7764,7.7
bloodmnist,badge-rel,0.2,0,2,1500,0.8530,12.9
bloodmnist,badge-rel,0.2,0,3,2000,0.8252,19.0
bloodmnist,badge-rel,0.2,0,4,2500,0.8875,25.8
bloodmnist,badge-rel,0.2,0,5,3000,0.9062,33.4
bloodmnist,badge-rel,0.2,1,0,500,0.5434,3.3
bloodmnist,badge-rel,0.2,1,1,1000,0.7638,7.7
bloodmnist,badge-rel,0.2,1,2,1500,0.7641,12.8
bloodmnist,badge-rel,0.2,1,3,2000,0.8261,18.9
bloodmnist,badge-rel,0.2,1,4,2500,0.8892,25.7
bloodmnist,badge-rel,0.2,1,5,3000,0.8989,33.3
bloodmnist,badge-rel,0.2,2,0,500,0.5659,3.3
bloodmnist,badge-rel,0.2,2,1,1000,0.7644,7.7
bloodmnist,badge-rel,0.2,2,2,1500,0.8009,12.9
bloodmnist,badge-rel,0.2,2,3,2000,0.8562,18.9
bloodmnist,badge-rel,0.2,2,4,2500,0.8752,25.7
bloodmnist,badge-rel,0.2,2,5,3000,0.8904,33.4
fmnist,badge-rel,0.2,3,0,500,0.7358,3.2
fmnist,badge-rel,0.2,3,1,1000,0.7930,8.9
fmnist,badge-rel,0.2,3,2,1500,0.8301,15.5
fmnist,badge-rel,0.2,3,3,2000,0.8492,22.7
fmnist,badge-rel,0.2,3,4,2500,0.8631,30.5
fmnist,badge-rel,0.2,3,5,3000,0.8805,39.1
fmnist,badge-rel,0.2,4,0,500,0.7201,3.0
fmnist,badge-rel,0.2,4,1,1000,0.7972,8.9
fmnist,badge-rel,0.2,4,2,1500,0.8305,15.4
fmnist,badge-rel,0.2,4,3,2000,0.8572,22.7
fmnist,badge-rel,0.2,4,4,2500,0.8681,30.5
fmnist,badge-rel,0.2,4,5,3000,0.8718,39.0
fmnist,badge-rel,0.2,5,0,500,0.6998,3.0
fmnist,badge-rel,0.2,5,1,1000,0.7893,8.9
fmnist,badge-rel,0.2,5,2,1500,0.8276,15.4
fmnist,badge-rel,0.2,5,3,2000,0.8528,22.5
fmnist,badge-rel,0.2,5,4,2500,0.8640,30.3
fmnist,badge-rel,0.2,5,5,3000,0.8771,38.9
bloodmnist,badge-rel,0.2,3,0,500,0.6396,3.1
bloodmnist,badge-rel,0.2,3,1,1000,0.7720,7.3
bloodmnist,badge-rel,0.2,3,2,1500,0.8477,12.3
bloodmnist,badge-rel,0.2,3,3,2000,0.8395,18.2
bloodmnist,badge-rel,0.2,3,4,2500,0.8796,24.8
bloodmnist,badge-rel,0.2,3,5,3000,0.8848,32.4
bloodmnist,badge-rel,0.2,4,0,500,0.5668,3.1
bloodmnist,badge-rel,0.2,4,1,1000,0.7767,7.4
bloodmnist,badge-rel,0.2,4,2,1500,0.7802,12.5
bloodmnist,badge-rel,0.2,4,3,2000,0.8495,18.4
bloodmnist,badge-rel,0.2,4,4,2500,0.8802,25.1
bloodmnist,badge-rel,0.2,4,5,3000,0.8927,32.5
bloodmnist,badge-rel,0.2,5,0,500,0.6516,3.1
bloodmnist,badge-rel,0.2,5,1,1000,0.7407,7.4
bloodmnist,badge-rel,0.2,5,2,1500,0.8346,12.4
bloodmnist,badge-rel,0.2,5,3,2000,0.8489,18.3
bloodmnist,badge-rel,0.2,5,4,2500,0.8755,25.0
bloodmnist,badge-rel,0.2,5,5,3000,0.8889,32.5
